,WinGoldDiff,WinKP,WinDP,WinGoldShare,WinDmgShare,WinDmgRate,WinCSRate,WinTime,WinningestChampion,LoseGoldDiff,LoseKP,LoseDP,LoseGoldShare,LoseDmgShare,LoseDmgRate,LoseCSRate,LoseTime,LosingestChampion
Nita64,6155.8,59.501,11.408,24.642000000000003,20.123,616.034,3.4230000000000005,35.243,555,-1140.25,58.149166666666666,11.669166666666667,20.864166666666666,15.715000000000002,339.32416666666666,2.455833333333334,28.566666666666666,555
Mochisun,2093.9473684210525,53.42,17.57210526315789,19.22421052631579,19.970526315789474,625.9573684210526,3.632105263157895,30.497894736842103,9,-317.0,54.24916666666667,18.111666666666668,18.930833333333336,18.099999999999998,470.6866666666667,3.3800000000000003,32.9475,9
Ezr,1182.7692307692307,45.34846153846154,20.08961538461538,20.165384615384617,21.889615384615386,659.8673076923077,4.416923076923077,30.470769230769232,24,-2066.4375,48.814687500000005,20.3490625,21.199375000000003,22.773125,532.0671875,4.1584375,29.496875000000003,24
DreamKiller69,1747.3846153846155,45.834615384615375,19.873846153846156,20.68846153846154,24.624615384615385,708.2515384615385,5.078461538461538,29.96076923076923,238,-1241.7,48.301,19.756999999999998,21.125,23.357,623.646,4.8020000000000005,29.433,238
Gíízus,2690.3076923076924,51.12115384615385,17.577692307692306,22.241153846153846,24.30653846153846,768.8973076923078,5.298461538461538,29.813846153846157,51,-1606.64,51.6124,20.46,20.770799999999998,22.2244,584.4452,4.3604,30.501200000000004,51
Gekijou,800.5555555555555,49.14666666666667,20.154444444444444,20.05333333333333,19.73777777777778,572.7233333333332,6.176666666666667,29.093333333333337,110,-2638.9545454545455,47.16863636363637,17.200909090909093,21.16136363636364,19.23136363636364,510.1722727272727,5.913636363636363,30.911363636363635,110
Nightwingx,2552.3333333333335,43.11333333333332,22.05,17.77,13.946666666666665,439.3233333333333,2.9033333333333338,27.163333333333338,25,-112.85714285714286,59.565714285714286,20.39428571428571,18.56714285714286,19.978571428571428,576.7142857142857,2.222857142857143,32.82857142857143,9
Cantaloupe,1260.2631578947369,54.254210526315795,15.351052631578948,20.767368421052627,21.215789473684207,653.2389473684212,5.331578947368421,30.68210526315789,98,-2180.625,48.914375,19.5875,20.725625,22.728125,586.970625,5.161875,30.61625,150
14 73069428,1941.78125,52.239375,17.93875,21.794687500000002,25.1403125,731.756875,5.820937499999999,30.17875,67,-1702.4102564102564,48.95974358974359,18.78974358974359,21.92076923076923,24.293846153846157,620.3656410256409,5.641282051282051,30.18461538461538,67
reeyou,3694.5,50.3502380952381,19.340238095238096,23.201190476190476,24.028095238095236,769.5583333333332,1.5873809523809521,27.555714285714284,104,-844.4324324324324,46.003513513513525,23.38297297297298,21.849999999999998,23.629459459459458,606.0705405405407,2.1202702702702703,28.736756756756755,104
Stopwatch suck,1744.0294117647059,52.84294117647059,20.28058823529412,21.275000000000002,24.34058823529412,785.1073529411764,4.163235294117647,31.331470588235288,246,-2420.233333333333,44.50066666666667,19.824666666666666,20.008666666666663,22.711999999999996,595.6843333333334,4.228666666666666,29.501,246
Ned Chicane,1498.0,39.08133333333333,29.984,19.275333333333332,20.159333333333333,620.7246666666666,4.4846666666666675,30.299999999999994,84,-2465.4615384615386,35.592307692307685,25.955384615384617,18.61076923076923,21.056153846153848,532.4107692307692,4.653076923076923,31.82,84
The Donger is in,2236.684210526316,49.036842105263155,22.36421052631579,21.51157894736842,26.54842105263158,863.8673684210526,4.156315789473684,32.53263157894736,29,-2577.1363636363635,51.01045454545456,21.85590909090909,21.96181818181818,23.137272727272727,599.2681818181817,4.679090909090909,29.775454545454547,29
ciakgbmi6,896.1,48.785000000000004,18.4,20.387,23.903,702.12,5.196,27.612000000000002,112,-2246.0,46.512857142857136,18.335,21.439999999999998,24.725,580.35,6.002857142857143,28.955000000000002,112
oblivion silvia,1081.962962962963,52.89,25.495925925925924,16.71259259259259,13.420370370370373,391.20666666666665,2.558148148148148,28.665925925925926,412,-2273.7083333333335,51.165,19.752916666666668,18.23,17.590416666666666,407.8062499999999,3.374166666666666,27.86041666666667,7
Reapers Vendeta,2561.0,58.260000000000005,13.164444444444444,22.27111111111111,19.80666666666667,554.1733333333335,1.9266666666666667,28.61555555555556,60,73.0,48.016,13.281,22.258,19.150000000000002,426.89399999999995,3.152,31.038999999999998,113
vape a wind wall,2953.323529411765,46.750294117647066,22.86764705882353,22.656176470588235,25.561470588235295,792.8067647058824,5.527058823529412,30.34176470588235,157,-2155.4848484848485,37.24212121212121,21.717878787878785,20.966666666666665,20.790000000000003,516.0330303030302,4.233636363636364,27.74878787878788,157
ZoomieYuumi,319.22222222222223,56.41888888888889,21.854444444444443,13.794444444444444,10.372222222222222,348.5722222222222,0.8277777777777778,32.40888888888889,412,-1734.3333333333333,47.79888888888889,25.781111111111116,14.25888888888889,11.362222222222222,281.9055555555556,1.1722222222222223,30.353333333333335,89
SaintSeanPatrick,1163.871794871795,46.37282051282052,15.866666666666665,20.111538461538462,19.75615384615385,584.9079487179487,4.8251282051282045,30.23333333333333,51,-1848.7777777777778,44.53388888888889,13.992222222222223,19.77916666666667,18.26527777777778,438.0638888888889,4.86361111111111,28.7775,51
Frosslas,1080.2285714285715,46.52600000000001,21.423999999999996,15.584000000000001,16.404000000000003,520.9377142857143,1.3245714285714285,29.80171428571429,143,-1590.5641025641025,54.30205128205127,20.886923076923075,16.63564102564102,17.155384615384612,445.848717948718,1.5876923076923077,29.4948717948718,143
Xervantes1,3758.7631578947367,44.623157894736835,15.95078947368421,22.86078947368421,18.52921052631579,563.6986842105262,1.7650000000000001,29.921315789473685,62,-586.9642857142857,41.63250000000001,20.34892857142857,22.01678571428571,18.315714285714286,479.32000000000005,1.862857142857143,30.89285714285715,62
jaychouhero,407.26666666666665,56.096666666666664,16.645999999999997,13.941333333333334,7.9046666666666665,225.71399999999997,0.6093333333333333,30.654666666666664,350,-2939.25,46.77833333333333,12.755833333333333,13.754999999999997,9.648333333333332,227.2316666666667,0.9341666666666667,29.1725,350
Sasha The Greyt,3065.304347826087,44.7095652173913,13.796521739130432,22.5095652173913,20.563478260869566,622.0521739130435,6.440434782608694,30.004782608695653,21,-592.6818181818181,46.24,16.514545454545456,23.200454545454544,22.22909090909091,547.3322727272727,6.148181818181819,31.906818181818185,21
Naecysha,2793.675675675676,56.83594594594595,20.075135135135135,22.344594594594593,25.094594594594593,778.5983783783785,2.0118918918918918,28.617027027027024,60,-1154.157894736842,57.26394736842104,20.59526315789474,22.172105263157892,24.319473684210525,692.6281578947368,1.4992105263157895,30.45394736842106,60
KennenGenius,575.8,45.036,20.165,18.07,18.314,596.2,3.783,29.851999999999997,85,-1527.7826086956522,48.37521739130434,19.073913043478264,19.751304347826085,22.60347826086957,558.9865217391304,3.2208695652173907,28.141304347826086,85
my sup is naotan,1711.6,49.983999999999995,21.05,22.616000000000003,24.44,724.5779999999999,6.596000000000001,31.040000000000003,67,-565.7777777777778,60.31888888888889,26.058888888888887,23.142222222222223,29.22222222222222,764.3511111111111,5.0088888888888885,28.806666666666665,67
Asuna1995,2525.2894736842104,49.956315789473685,22.345263157894735,22.041842105263157,25.872368421052634,819.0228947368422,3.896315789473685,27.466052631578943,163,-727.2068965517242,53.482413793103454,22.714137931034482,22.35379310344828,26.25655172413793,684.1441379310345,4.042758620689655,29.023793103448273,163
topherchris99,672.375,43.886250000000004,14.629999999999999,19.37125,13.1875,349.5025,0.78875,28.45125,48,-1651.125,54.07625,16.42,20.3975,13.2,291.98249999999996,0.7725,30.0975,48
TWICE Maknae,1173.6,49.894,15.365,19.855,17.371000000000002,500.46899999999994,2.077,26.524,113,-1704.2222222222222,53.32277777777777,18.787222222222223,21.38,21.618333333333332,547.4855555555555,2.71,30.046111111111113,64
GodsSummoner,1916.2619047619048,51.706428571428575,21.414761904761903,19.50452380952381,21.125,628.8857142857141,3.717857142857143,27.233333333333338,51,-1549.8064516129032,53.92612903225807,17.519032258064517,20.524516129032264,21.011290322580642,572.0903225806453,3.6735483870967744,31.11741935483871,51
JaxPlayerNA,3138.785714285714,49.96357142857142,21.19,22.375357142857144,22.66857142857143,716.2107142857143,2.9910714285714284,31.04,2,-1492.054054054054,48.277567567567566,22.581351351351355,22.4972972972973,21.67297297297297,590.9254054054054,3.091351351351351,30.360270270270263,2
NIKAI,1901.3846153846155,58.89384615384616,24.475384615384616,19.62076923076923,22.75846153846154,670.2207692307693,3.9938461538461536,29.180000000000003,3,-1570.6666666666667,53.10444444444445,24.905,20.90222222222222,22.732222222222223,585.8572222222223,2.388888888888889,27.49888888888889,25
Carlos centropès,2110.3529411764707,49.59764705882352,21.233235294117645,21.19794117647059,22.57588235294118,659.3947058823529,4.041764705882353,27.701764705882354,202,-2760.4333333333334,44.71100000000001,20.159666666666666,20.564666666666668,20.77766666666667,524.1863333333333,3.574,28.787666666666674,141
ghostmanhex,576.375,49.625,23.1,18.97875,16.38375,545.7974999999999,3.9837499999999997,30.23375,51,-2137.2,50.809999999999995,21.727,18.192,19.494999999999997,497.791,2.973,29.594,51
no type is win,3768.108695652174,52.843043478260874,16.9,23.825434782608696,25.544565217391302,780.825,6.775217391304349,27.893043478260868,145,-1527.3939393939395,51.32969696969697,16.400909090909092,23.434242424242427,22.933939393939397,533.6475757575759,6.3521212121212125,27.443636363636358,145
nami boy,957.0,55.61805555555556,19.89,15.749444444444443,12.341111111111111,370.3686111111111,1.288611111111111,28.938888888888886,37,-1200.9333333333334,55.12233333333334,17.445666666666668,16.14,14.282666666666664,353.8066666666666,1.1466666666666667,28.44933333333334,267
black1630,360.38461538461536,43.57307692307692,17.545384615384616,15.296923076923076,12.016153846153847,350.09230769230766,1.7107692307692306,28.557692307692307,143,-889.375,52.266562500000006,19.011875,15.590625000000001,13.9084375,383.0821875,1.441875,32.051874999999995,143
SvvagDaddy69,3328.5,59.09,28.335,20.97,14.905000000000001,346.505,0.71,24.205,59,-1945.888888888889,43.59777777777778,20.146666666666665,18.637777777777774,14.585555555555556,377.3811111111111,1.8355555555555556,26.74666666666667,79
VictoryFire,1234.05,41.14,24.02475,20.638,23.186,712.78475,5.41325,28.05775,78,-1985.6969696969697,38.57212121212122,22.680606060606063,20.723636363636363,23.08090909090909,575.7254545454545,5.148484848484849,28.366060606060604,78
Big Dlktor,323.9428571428571,43.05571428571429,27.466857142857144,19.10514285714285,21.476857142857142,704.8714285714286,4.528857142857144,32.38399999999999,112,-2739.3684210526317,47.4757894736842,24.55736842105263,20.284999999999997,23.432105263157897,594.7368421052632,4.742894736842106,29.43263157894737,112
AngelicHalo54,2355.264705882353,51.64382352941177,21.50588235294118,21.822352941176472,21.685000000000002,696.7547058823529,4.6782352941176475,31.4014705882353,98,-655.7727272727273,52.216363636363646,20.73045454545455,21.808636363636364,22.795454545454547,645.3081818181819,4.52909090909091,33.385,114
Khaegii,1912.357142857143,54.022857142857156,12.718928571428568,15.905357142857142,17.36714285714286,563.5689285714285,0.9014285714285715,30.17214285714286,99,-1131.6363636363637,50.914090909090916,14.100454545454546,15.757272727272726,18.24318181818182,488.5013636363637,1.1686363636363635,29.979999999999993,99
OXI BEAN,3745.657142857143,40.86657142857142,14.889714285714282,22.944285714285716,22.608857142857143,645.1762857142857,6.568857142857143,29.521428571428572,86,-654.8709677419355,41.13,15.913870967741936,22.239032258064512,23.283548387096783,564.0416129032259,5.731935483870968,30.56419354838709,86
Bonobo Tamer,2160.6176470588234,50.93794117647059,14.42764705882353,22.145588235294124,23.864117647058823,714.4344117647059,6.590294117647058,29.139117647058825,236,-2125.703703703704,48.941481481481496,18.75925925925926,21.361851851851853,23.082962962962966,579.707037037037,6.262962962962963,28.96259259259259,236
StarFrièzà,3871.235294117647,38.984117647058824,14.965882352941176,24.581764705882353,27.666470588235292,799.3858823529413,7.67764705882353,25.81529411764706,83,847.8571428571429,42.39714285714286,16.568571428571428,25.611428571428572,28.240714285714294,663.7950000000001,6.917857142857143,28.49428571428572,83
Bpollo,-290.4,36.90866666666667,22.175999999999995,17.320666666666668,16.672666666666665,480.4800000000001,4.415333333333334,30.55999999999999,17,-2131.8333333333335,46.45666666666667,17.107777777777777,19.816111111111113,16.548333333333332,383.55777777777774,4.335,29.28055555555556,236
vampblood,2043.111111111111,52.85222222222222,18.221111111111114,19.45777777777778,19.505555555555556,555.8588888888889,2.872222222222222,30.36,7,-1271.25,63.655,19.4925,20.4025,20.167500000000004,480.085,1.3724999999999998,30.0475,7
The Master Bait,1494.8666666666666,53.21533333333333,21.689999999999998,17.472666666666665,15.752666666666668,433.86800000000005,2.8173333333333335,29.14066666666667,267,-1650.3809523809523,47.99142857142857,18.290476190476188,18.123809523809523,17.48142857142857,446.6090476190476,2.703809523809524,28.49761904761905,267
refahx,3395.032258064516,51.10935483870968,20.137419354838705,22.76451612903226,22.25516129032258,641.8322580645159,4.203548387096775,27.74870967741935,555,-1444.275,44.028499999999994,18.2055,20.38975,18.9695,459.23900000000003,3.6225,27.627,555
ImmortalZergon,3362.8571428571427,53.13714285714286,18.627142857142854,22.37857142857143,25.84857142857143,698.2014285714286,5.507142857142857,31.557142857142857,82,464.0,45.38666666666668,18.888333333333332,22.453333333333337,32.25666666666667,826.3166666666666,6.121666666666667,26.843333333333334,82
Gucci Ad Lib,1893.638888888889,45.49777777777777,26.90222222222222,21.111111111111114,24.160833333333333,763.6102777777777,4.9205555555555565,29.778333333333325,58,-1418.09375,49.799687500000005,24.315,21.103749999999998,22.6371875,640.18,3.75,30.237187499999997,58
SSShengTTT,3581.8125,45.080625,19.53,21.745625,25.200625,763.319375,5.4087499999999995,30.247500000000002,122,-1435.9,44.50099999999999,20.312,21.565499999999997,19.849500000000003,529.0145,4.6985,30.828999999999997,91
mop the floor ,3940.125,48.690625,18.3584375,23.3815625,33.9721875,1052.035625,7.4515625000000005,26.450000000000003,8,-326.37931034482756,45.26931034482759,19.167241379310347,22.32172413793104,28.86758620689655,796.8172413793102,6.498275862068965,30.1651724137931,8
master56r,2530.275,58.713249999999995,23.0535,22.369,26.270249999999997,778.0907500000001,5.18875,29.564999999999998,21,-827.8529411764706,54.476764705882346,20.821176470588238,22.2,25.23088235294118,698.935294117647,5.396764705882353,31.5585294117647,21
SSolkill,1676.0625,43.65875,10.876875,20.548125,20.82125,642.35375,5.639374999999999,29.628124999999997,41,-1162.090909090909,44.33909090909091,12.165454545454544,20.85363636363636,22.358181818181816,632.3699999999999,5.453636363636363,31.29636363636364,41
Resonance99,447.2857142857143,50.89857142857142,17.852380952380948,20.64142857142857,20.613333333333333,655.0580952380952,5.47,31.567142857142862,236,-1457.8666666666666,50.468666666666664,16.008,20.723333333333333,19.475333333333335,507.492,5.413999999999999,31.739333333333327,110
cocacookies,1346.590909090909,53.218636363636364,17.295909090909095,19.30681818181818,17.70545454545455,545.5904545454546,3.3790909090909094,29.352272727272727,523,-1666.7083333333333,49.956250000000004,19.102083333333336,20.212500000000002,17.21166666666667,437.2104166666666,3.795,29.77333333333333,523
TheKidReturns,1502.0588235294117,49.6264705882353,19.884705882352943,20.850588235294115,21.01294117647059,646.4958823529412,4.719411764705883,30.418823529411764,4,-1214.111111111111,58.96222222222223,21.47611111111111,21.668333333333333,23.222222222222218,497.43888888888887,4.073333333333333,26.326666666666668,555
Rakurii,1521.6,44.27285714285714,26.582,20.412285714285716,21.685714285714287,677.6528571428572,3.6760000000000006,29.813428571428574,81,-834.3428571428572,49.55800000000001,23.406000000000002,20.753714285714288,23.54485714285714,623.1017142857143,3.4091428571428573,30.39485714285714,48
Iamheretotroll,1222.8695652173913,49.37347826086956,14.793043478260865,19.976521739130433,19.653478260869566,584.2900000000001,4.149565217391304,31.250000000000004,245,-2416.7727272727275,37.44,17.452727272727273,19.627727272727274,17.28136363636364,422.78681818181815,4.348181818181818,28.813636363636363,245
Siori,2339.4545454545455,44.88272727272727,26.065454545454546,21.58909090909091,25.14363636363636,766.7727272727273,5.048181818181818,27.35636363636364,8,-3254.1428571428573,41.51857142857143,27.88428571428571,19.64142857142857,21.618571428571425,631.3185714285715,5.125714285714286,31.971428571428564,157
IgnoranceIzBliss,29.785714285714285,42.695,24.28571428571429,19.585714285714285,16.859285714285715,542.935,4.139285714285714,32.06928571428572,21,-2437.55,42.230000000000004,21.936,19.9865,18.3615,437.2580000000001,4.193500000000001,27.798000000000002,21
Paco4Realz,1162.9166666666667,49.27875,21.53958333333333,21.20958333333333,27.26,863.7433333333332,5.535416666666666,28.668333333333333,112,-1885.904761904762,47.051428571428566,23.064285714285713,21.02857142857143,26.25142857142857,713.6333333333333,5.302380952380952,29.607619047619053,112
Buff Boy Bruz,1116.2142857142858,50.237380952380946,18.77952380952381,18.030238095238094,18.73404761904762,564.8140476190476,3.4369047619047617,30.31619047619048,134,-1978.923076923077,48.138974358974366,21.333076923076927,17.68179487179487,17.432307692307695,426.6392307692308,3.171025641025641,30.086153846153845,134
Saikokyari,-15.34375,52.8515625,27.2234375,19.409374999999997,22.674062499999998,711.239375,3.1946874999999997,31.1371875,103,-2355.8518518518517,53.4062962962963,24.149999999999995,20.19111111111111,22.72074074074074,591.4996296296296,2.645925925925926,30.367037037037036,103
SHRO0MDEALER,2026.4411764705883,43.279411764705884,23.361176470588237,21.21941176470588,22.438235294117646,674.4870588235293,5.262058823529411,29.42970588235294,67,-1362.948717948718,41.59210526315789,21.8825641025641,20.637179487179488,20.2751282051282,501.52307692307687,5.186923076923078,29.399487179487185,67
Katacomb,2753.7727272727275,55.76545454545454,28.971818181818183,23.358636363636364,31.775,954.6545454545453,5.441818181818181,27.60909090909091,55,-1732.608695652174,50.39739130434783,24.950434782608696,20.943043478260872,22.81913043478261,589.4447826086956,4.367826086956522,29.438260869565216,55
RealBardOTP,3089.0,54.05375,21.947499999999998,23.091250000000002,27.81625,904.3399999999999,5.907500000000001,31.838749999999997,13,635.75,58.7975,18.66375,24.151249999999997,26.924999999999997,667.39125,3.635,33.3925,3
samsoccer10,1066.5454545454545,50.49454545454545,14.784545454545453,15.372727272727273,10.726363636363637,323.9372727272727,1.5363636363636362,30.347272727272728,53,-2714.6666666666665,48.971333333333334,20.207333333333334,15.500666666666666,12.356666666666666,285.40333333333336,1.9946666666666664,27.91333333333333,53
Kats Shadow,1224.7142857142858,51.88428571428572,20.201428571428572,14.737142857142857,10.89,315.9214285714285,1.2771428571428574,32.839999999999996,16,-1461.111111111111,62.276250000000005,19.854444444444443,18.16111111111111,19.726666666666667,450.07,2.2911111111111113,30.874444444444446,40
Aria Ariam,367.2857142857143,52.49,19.25714285714286,13.717142857142859,7.241428571428571,214.73714285714283,0.6614285714285714,31.74857142857143,267,-2138.5714285714284,59.69285714285714,20.68,14.342857142857143,8.614285714285716,198.24714285714282,0.7714285714285715,29.09428571428571,267
Not Trustable,2029.3529411764705,48.39823529411765,11.595882352941176,20.164705882352937,15.708823529411765,460.10470588235296,1.4264705882352942,29.627058823529413,62,-1073.6363636363637,54.85727272727272,12.404545454545454,21.99909090909091,19.169999999999998,473.91818181818184,1.6881818181818178,29.464545454545455,106
Junkyard,2126.6774193548385,51.663548387096775,17.951935483870972,22.358387096774198,22.870967741935488,685.9774193548386,6.5358064516129035,30.392903225806453,51,-1941.1904761904761,48.162857142857135,19.470476190476194,21.870476190476193,22.09952380952381,557.7757142857142,5.876190476190475,31.64761904761904,15
a snack,3407.3571428571427,45.505714285714284,15.579642857142858,23.15,25.97392857142857,774.1489285714288,6.033928571428571,29.273571428571433,122,-398.32,39.077200000000005,17.2228,21.7376,21.9392,531.8928000000001,6.0232,28.472399999999997,122
Butternutz7,3226.0,56.21666666666666,19.996060606060606,23.970000000000002,25.967272727272725,798.5824242424243,3.071818181818182,31.306666666666665,254,-494.58620689655174,58.462068965517226,19.17793103448276,24.1851724137931,26.448275862068964,678.5313793103448,3.7934482758620685,30.49758620689655,51
Big Daddy Donger,2241.4285714285716,48.17285714285714,18.267142857142858,16.580000000000002,18.905714285714282,547.5485714285714,2.7685714285714282,26.745714285714286,518,-1660.923076923077,43.20615384615385,24.09,18.53076923076923,22.015384615384615,599.6038461538462,3.6023076923076927,28.823076923076922,81
WWWWWWWWWWWWWWRW,1394.0,46.71846153846153,16.586153846153845,21.73730769230769,19.801538461538463,593.7288461538462,6.1111538461538455,31.36307692307692,145,-1792.4285714285713,48.73904761904762,18.63,22.274761904761903,21.423809523809524,534.1338095238095,5.89952380952381,29.029523809523806,145
Pangnam,1352.7826086956522,41.15782608695652,29.716086956521735,21.07695652173913,21.878695652173914,696.0204347826087,3.930434782608696,28.288260869565217,11,-1360.5833333333333,46.736250000000005,23.145416666666666,22.239166666666666,23.442916666666665,607.8779166666667,3.175416666666667,28.7375,11
BarrierIgniteMan,2751.6285714285714,42.53,28.89542857142857,23.832571428571427,27.047142857142855,822.7640000000001,7.137714285714286,27.27257142857143,39,1365.0,50.312105263157896,20.913684210526313,26.154736842105265,28.056315789473683,747.4889473684211,7.16421052631579,30.57842105263158,39
SadistJin,1411.3225806451612,43.400645161290335,23.623548387096776,20.293870967741935,19.321935483870977,605.0470967741936,5.389354838709678,29.593870967741935,122,-1126.5333333333333,42.077999999999996,19.65733333333333,20.977333333333334,19.085333333333338,479.8980000000001,5.373333333333334,30.858666666666668,122
BBQChicken21,1142.076923076923,49.50461538461539,17.67076923076923,18.85923076923077,20.86230769230769,603.8807692307693,3.4438461538461533,27.676923076923075,43,-2462.56,44.2016,18.465999999999998,19.1852,21.698800000000002,598.496,3.7812000000000006,31.956,43
Leap,3035.0,53.682352941176475,22.65558823529412,22.845882352941178,24.84029411764706,799.5149999999999,3.3158823529411765,29.25823529411765,11,-1580.909090909091,55.92939393939394,18.802424242424244,22.432727272727274,22.0169696969697,579.5309090909092,3.3457575757575753,27.923939393939396,11
Enjoy the Carey,3867.0,58.50214285714285,20.33119047619048,24.14714285714286,31.803809523809523,1066.3604761904762,6.152857142857143,30.06047619047619,202,-137.27777777777777,53.70333333333335,21.81277777777778,24.104166666666664,30.165277777777785,873.1558333333335,5.936111111111112,30.088333333333328,202
ßorb,1653.25,43.55000000000001,19.226666666666667,19.73,16.28333333333333,517.8483333333332,2.5849999999999995,31.234166666666667,77,-1539.1666666666667,58.655833333333334,20.94583333333333,21.997500000000002,25.08583333333333,596.7166666666667,3.5566666666666666,29.974166666666672,77
Ruff034,229.0,37.4,15.968333333333334,19.248333333333335,16.031666666666666,456.04333333333335,6.006666666666667,29.86833333333334,21,-1892.5,39.330714285714286,16.12,21.335714285714285,17.568571428571428,359.42214285714283,6.265714285714287,25.770714285714284,202
uberrundownmid,1786.4285714285713,52.61714285714286,17.63285714285714,21.01928571428571,24.812142857142856,797.6728571428572,3.6278571428571427,28.470714285714287,75,-3304.9,45.335,21.608,19.384,22.284,569.8109999999999,3.5149999999999997,28.753000000000004,235
Thegrrrr8,702.2857142857143,47.35285714285715,17.16333333333333,19.983809523809523,19.52047619047619,614.7642857142857,4.923809523809524,28.00047619047619,429,-2473.866666666667,50.34733333333332,17.796666666666667,20.291999999999998,22.410000000000004,598.7413333333334,4.725999999999999,29.692,429
Morphier,1336.235294117647,54.63705882352941,17.895588235294124,20.499117647058824,23.025000000000002,713.7288235294118,4.734117647058823,30.159411764705883,4,-459.7647058823529,52.56588235294117,20.64,21.83529411764706,23.391764705882355,581.5899999999999,4.934117647058823,29.754117647058823,4
Minister Frollo,854.8139534883721,48.39953488372094,17.423953488372096,20.679767441860466,24.878139534883722,757.3955813953488,5.493255813953488,31.631627906976743,50,-908.7741935483871,48.325483870967744,17.357096774193547,21.137096774193548,23.82064516129032,660.8135483870968,4.845806451612904,31.771935483870962,58
Gingeranajones,1557.2,52.245000000000005,20.969,20.971,22.665,717.6310000000001,5.142,31.802,7,-2134.0,56.15857142857143,19.064285714285713,21.132857142857144,23.617142857142856,600.5714285714286,5.450000000000001,30.212857142857143,26
Syz,1663.6,47.82000000000001,17.102999999999998,16.146,14.806000000000001,488.01500000000004,2.393,31.090000000000003,161,-1744.6666666666667,45.76166666666666,22.885,16.286666666666665,14.381666666666666,317.17499999999995,1.9283333333333335,25.810000000000002,51
TheLiskers,2365.5,51.746,22.6055,18.255499999999998,18.372500000000002,579.192,2.918,28.915499999999998,63,-654.6428571428571,46.692142857142855,25.565714285714282,18.544999999999998,19.428571428571427,507.7057142857143,3.1321428571428567,30.120714285714282,22
xRGlenn,3582.2291666666665,57.68666666666667,15.465416666666664,23.992708333333336,25.4075,803.5975,5.199375,28.713125,235,-1725.1904761904761,52.82285714285714,20.185238095238095,22.10333333333333,22.43380952380952,644.0057142857142,5.276190476190476,30.67666666666667,235
Panda Cat life,634.5,43.01416666666666,27.974166666666665,21.225833333333334,22.150000000000002,713.9333333333333,5.894166666666667,31.83666666666667,202,-386.0,52.31642857142857,22.45,23.657857142857143,31.95785714285714,760.5807142857144,5.383571428571429,27.529999999999998,202
LoveMyTactics,3585.45,62.819500000000005,22.537,22.4685,28.408499999999997,817.7054999999999,4.369000000000001,26.955499999999994,117,-996.6666666666666,54.70333333333334,20.859166666666663,21.31083333333333,26.310000000000002,721.5558333333332,4.4383333333333335,30.59,40
TSM Divine,1936.1944444444443,44.014722222222225,23.144166666666667,19.926944444444448,22.271388888888893,678.855,4.751666666666666,30.465,157,-1931.642857142857,39.988571428571426,21.633928571428573,19.709642857142857,20.978928571428575,588.7560714285713,4.565,31.072142857142858,412
LGN Moros,1400.8,61.972,30.610000000000003,20.163999999999998,17.726,480.224,1.6179999999999999,28.82,32,-2368.8333333333335,42.51833333333334,21.495,18.785,16.423333333333336,453.33,1.0683333333333331,31.209999999999997,60
GhostlyOrb,2618.909090909091,53.27181818181819,18.36363636363636,22.39590909090909,31.53227272727272,913.2695454545454,6.8140909090909085,27.391818181818188,112,-152.25,49.735625,20.0875,22.8425,33.025,955.514375,6.186875000000001,33.804375,112
TROLL KIIM,951.741935483871,60.005483870967744,17.76322580645161,17.656129032258068,13.024516129032257,397.8609677419355,0.9722580645161291,29.405161290322585,20,-1220.857142857143,55.58047619047619,18.128571428571426,19.704761904761906,15.631904761904758,369.97476190476186,1.4285714285714284,28.06428571428571,20
coohwhip,762.1,42.61599999999999,20.016000000000002,19.487,20.119,633.5764999999999,5.3725,29.934500000000003,103,-1979.551724137931,44.61137931034483,21.530689655172413,21.061379310344822,23.459655172413793,610.4603448275861,5.642758620689656,29.40965517241379,103
Camelia,-42.666666666666664,45.38333333333333,18.79,16.98,9.266666666666666,332.93666666666667,2.11,34.02333333333333,21,-2966.0,47.5609090909091,18.10272727272727,17.70090909090909,12.023636363636363,264.43181818181813,1.9809090909090907,28.94909090909091,48
0ld Farmer,861.3333333333334,46.58625000000001,18.94125,19.429166666666667,19.03625,574.4791666666666,2.2170833333333335,30.69875,141,-2870.1666666666665,50.72222222222222,17.50222222222222,20.674444444444443,16.323333333333334,417.6922222222222,2.081666666666667,30.226111111111113,421
asdfdragin,846.2727272727273,52.82681818181818,21.966363636363635,14.360454545454543,10.799090909090909,347.6613636363636,0.48272727272727267,30.810000000000002,99,-1877.5,51.736666666666665,20.348333333333333,14.598333333333333,10.414444444444445,273.04777777777775,0.5038888888888889,31.06611111111111,16
Zercuits,804.8148148148148,55.86148148148148,19.83555555555556,15.434074074074076,12.504814814814814,376.81370370370365,1.5855555555555556,30.157407407407412,16,-2441.03125,51.45,18.8346875,17.1090625,14.339375,367.765,2.9725,30.0371875,16
YouAreCool,1383.3333333333333,49.44666666666666,25.287142857142857,20.52095238095238,22.277619047619048,626.7842857142857,4.015714285714286,29.601428571428567,245,-1993.1304347826087,47.643478260869564,18.391304347826086,21.649130434782613,23.26913043478261,599.3321739130434,4.085217391304347,30.343913043478263,112
iGotMyCigarBack,1658.8292682926829,43.304390243902446,23.534146341463416,18.921219512195123,18.60268292682927,576.6987804878048,4.195365853658537,29.298780487804876,18,-1279.032258064516,47.656129032258065,19.473870967741934,19.284193548387094,19.444193548387098,508.1025806451613,3.866774193548388,28.35806451612903,350
Ambitiouss,3327.3928571428573,57.32571428571429,21.37964285714285,22.631785714285716,22.506071428571428,692.3971428571429,2.5300000000000002,30.17107142857143,120,-1448.857142857143,50.868095238095236,22.316666666666666,20.885714285714283,22.481428571428573,555.0242857142857,2.939523809523809,28.267619047619043,120
TurkeyBrainTeam,2583.064516129032,51.399354838709684,17.815483870967743,21.802258064516128,22.499999999999996,664.1129032258065,3.4899999999999998,28.36290322580645,104,-1719.2,54.318999999999996,20.3825,20.935499999999998,22.052999999999997,558.7175,3.466000000000001,30.332,21
evangelicalfox,62.375,40.155,17.28125,19.83375,18.24,555.15875,5.80125,29.20375,81,-2946.6666666666665,36.33,20.844166666666666,19.538333333333334,16.89166666666667,465.0391666666667,4.799166666666667,29.582499999999996,517
YourMomJejuDiver,3677.44,50.0044,17.7132,23.456799999999998,26.945999999999998,857.1084,6.254000000000001,29.194399999999995,84,517.1538461538462,43.610769230769236,17.982307692307693,22.954615384615387,24.62923076923077,603.6684615384615,5.69923076923077,29.759999999999994,517
Milkis90,3259.75,52.4105,21.566499999999998,20.166,22.180500000000002,694.7315,3.804,27.851,238,-2245.1,48.6,22.206,21.642,22.815999999999995,586.222,4.338,26.734,145
Wheelchair JG,1104.6666666666667,48.90888888888889,18.873333333333335,19.23148148148148,18.22740740740741,576.0007407407408,3.2092592592592593,30.07296296296296,266,-2352.8636363636365,53.08727272727273,20.55,20.03954545454545,19.921363636363637,504.1931818181818,3.0759090909090903,30.89818181818181,266
luislegendary,772.0,47.343571428571416,10.950000000000001,16.527857142857147,12.05142857142857,372.8614285714285,1.0307142857142857,28.76,267,-1324.7777777777778,49.56666666666667,15.491666666666667,17.968333333333334,15.120000000000001,376.8872222222222,0.9099999999999999,30.447222222222226,9
272727272727,3103.3333333333335,66.58333333333334,19.205000000000002,22.983333333333334,23.529999999999998,747.965,3.93,31.686666666666664,2,-3308.8,33.129999999999995,21.106,19.052,17.714,414.32399999999996,3.814,28.022000000000002,2
dapdapada,3104.5,52.108000000000004,24.097,23.0345,29.939999999999998,882.275,6.262500000000001,28.9885,157,-915.4545454545455,51.27636363636362,20.582727272727276,23.313636363636363,25.015454545454542,627.8990909090909,6.048181818181818,29.91181818181818,7
1ced americano,719.551724137931,48.91620689655173,22.06896551724138,18.90965517241379,19.03206896551724,614.8079310344827,3.0337931034482764,30.909655172413785,54,-2808.85,44.81325,23.554,19.143250000000002,19.3945,475.217,3.132,29.383500000000005,54
The Game Killer,3801.9655172413795,50.46137931034483,20.908620689655173,25.058965517241383,28.61344827586207,974.6417241379309,6.26896551724138,28.866206896551724,157,1270.5,55.675000000000004,24.666875,24.99875,26.401874999999997,699.335625,5.233124999999999,29.934375000000003,157
Blkguy,1432.076923076923,46.06205128205129,15.337948717948716,20.0525641025641,14.59128205128205,428.52179487179495,2.2664102564102566,28.634615384615383,48,-1674.939393939394,52.10757575757576,18.403636363636362,21.52,18.91939393939394,466.4890909090909,3.0399999999999996,28.91787878787879,48
Bballskilliz,1571.75,54.625,20.0075,19.5875,14.585,455.5225,1.145,31.637500000000003,59,-2239.5555555555557,46.28888888888889,20.87666666666667,18.49,14.673333333333334,392.63222222222225,1.0455555555555556,28.453333333333333,141
xPinkPlatypus,1631.7142857142858,45.050000000000004,14.27142857142857,19.641428571428573,17.474285714285717,630.26,4.9957142857142856,32.35,498,-3084.8333333333335,45.649166666666666,15.222499999999998,18.448333333333334,17.98833333333333,409.1175,4.559166666666667,31.572499999999994,54
Olath Quortek,-727.625,45.693749999999994,23.50375,16.472499999999997,13.01875,428.51,1.98,30.88875,14,-4761.125,49.67125,24.096249999999998,18.6425,15.2175,400.34375,1.84625,30.40625,14
Souleater2,2845.181818181818,48.556363636363635,24.623181818181816,21.185000000000002,24.513636363636365,704.8063636363637,5.709545454545455,27.425,21,-725.3846153846154,51.40307692307692,20.305384615384618,22.75,23.75846153846154,763.0292307692307,5.532307692307692,34.77846153846154,21
Bimba,439.1666666666667,52.650000000000006,15.828333333333333,17.066666666666666,12.891666666666667,413.5333333333333,1.843333333333333,30.790000000000003,154,-2930.5555555555557,42.89000000000001,21.08888888888889,18.052222222222223,17.076666666666668,396.71777777777777,2.431111111111111,26.97888888888889,875
Gen Blood Sword,1386.5333333333333,43.924666666666674,23.629666666666665,20.232000000000003,20.107666666666667,651.728,4.595333333333333,31.136666666666667,2,-2049.057142857143,40.57257142857143,23.282,20.296285714285716,21.802571428571433,523.9794285714286,5.168000000000001,27.946285714285718,91
sophonows,424.7878787878788,43.626666666666665,20.233030303030304,18.05060606060606,15.599999999999998,457.0590909090909,3.805151515151515,29.744545454545456,51,-2107.731707317073,48.65853658536586,17.864390243902434,19.115609756097562,16.31341463414634,412.860487804878,4.345365853658536,31.23048780487805,51
flystealthy,1621.3255813953488,45.93302325581396,24.783953488372088,20.96,22.072093023255814,700.9086046511628,5.558837209302326,30.01627906976744,51,-2452.969696969697,49.29424242424243,21.34424242424242,21.650909090909092,21.773636363636367,586.8387878787879,5.20030303030303,30.628484848484845,22
SpecialKthe2nd,2842.7608695652175,52.24347826086956,20.577391304347824,22.393913043478257,26.016521739130436,772.5358695652175,5.087391304347825,30.14282608695652,45,-1294.2631578947369,59.6321052631579,17.80157894736842,22.733684210526317,27.57315789473684,711.327894736842,5.181052631578948,33.55842105263158,45
Princess Buppa,554.3076923076923,56.39410256410256,13.387435897435898,15.903589743589745,12.396923076923077,352.22717948717946,1.75974358974359,31.51794871794872,350,-1852.3684210526317,51.840263157894746,15.138421052631577,17.360000000000003,15.400263157894734,370.57631578947365,2.437894736842105,30.389999999999997,202
StevcPwYc,2406.913043478261,47.310869565217395,16.203043478260867,21.34521739130435,17.821739130434786,568.3213043478262,3.361739130434783,30.001304347826085,35,-1617.1875,43.5025,20.700000000000003,20.781875,19.783749999999998,546.914375,3.3899999999999997,29.871249999999996,17
Comin to my bowl,645.7368421052631,38.46473684210527,24.515789473684208,17.85578947368421,15.407368421052633,451.6578947368421,3.434736842105263,27.387894736842107,86,-2426.782608695652,42.07565217391304,22.84391304347826,18.245652173913044,15.968260869565219,412.30782608695654,3.606086956521739,29.063913043478262,86
Schtroumpfs rose,1085.8461538461538,46.83307692307692,13.797692307692309,22.34461538461538,26.476153846153846,796.9646153846154,7.480769230769231,26.553846153846152,1,-5.5,30.36,12.205,22.39,25.979999999999997,654.495,7.6899999999999995,24.41,1
Nashi3,418.8333333333333,50.458333333333336,22.103333333333335,15.026666666666666,12.428333333333335,370.83166666666665,1.4116666666666668,26.221666666666664,117,-1556.2,50.160000000000004,21.588,16.054,15.772,420.16999999999996,1.762,31.981999999999992,99
Vile Samsquanch,1359.7894736842106,51.47157894736842,11.842631578947367,19.960000000000004,16.756315789473685,520.2668421052631,1.2326315789473685,31.092105263157894,9,-2019.1818181818182,48.9609090909091,15.780909090909091,20.125000000000004,16.812272727272724,457.8040909090909,1.426363636363636,32.10909090909091,9
Ya Boi Ricardo,2630.4,60.773,16.592,17.356,15.421000000000001,504.764,1.383,34.517,111,-1636.875,53.6325,20.5325,17.04,11.615,295.61875,1.3912500000000003,27.97625,497
EatNoobs24seven,2198.4545454545455,46.53090909090909,23.49939393939394,21.203030303030303,22.625151515151515,763.9445454545454,5.015151515151515,31.7869696969697,875,-1398.7666666666667,47.74433333333333,22.058666666666667,21.649,24.038333333333338,618.0736666666667,5.134333333333332,29.349,875
Yobamanos,1679.375,39.745000000000005,15.833125,20.586875,20.943125000000002,593.574375,6.399375,28.103749999999998,58,-546.44,45.0516,17.9592,21.8404,24.696800000000003,671.8616000000001,5.725600000000001,31.5588,126
TheFunkyFerret,2565.59375,53.575312499999995,17.9728125,21.50125,22.8015625,649.9728125,4.891562499999999,28.7146875,67,-1659.4583333333333,51.65625,16.825416666666666,21.562083333333334,21.617916666666662,561.015,4.89875,30.359583333333333,67
Poseidonus,1235.0232558139535,49.58395348837209,22.15860465116279,16.096511627906978,13.54093023255814,413.91976744186053,1.6886046511627903,29.57372093023256,267,-1689.9642857142858,53.94035714285714,18.649285714285718,16.25642857142857,12.225357142857144,298.3789285714286,1.4628571428571426,28.701428571428572,267
uwugene,1881.388888888889,52.51555555555556,23.332222222222224,20.704444444444444,25.052222222222223,740.8288888888889,5.390555555555555,26.80777777777778,80,-1848.9565217391305,48.66565217391304,19.98391304347826,21.450869565217396,25.92434782608695,636.2682608695653,5.068695652173912,27.96391304347826,80
Saint Cyr,1671.0526315789473,65.22157894736843,12.657894736842104,15.225263157894735,11.933157894736842,382.7536842105263,0.74,31.417368421052636,350,-1204.857142857143,57.73238095238095,15.763809523809524,15.336190476190476,12.988095238095237,288.61238095238093,0.8261904761904763,28.374761904761904,497
Yàtõ,2724.05,52.4505,14.353,21.9635,21.282500000000006,611.7774999999999,2.642,29.325,77,-1254.25,42.276250000000005,21.476875,20.314999999999998,22.07875,522.298125,4.273125,29.464374999999997,75
Airborne Ornn,1959.6666666666667,52.85,18.276666666666667,20.38,18.513333333333332,609.8483333333334,4.206666666666667,31.475000000000005,27,-1941.142857142857,52.987142857142864,17.102857142857143,20.45,17.732857142857146,385.1685714285714,3.27,29.487142857142857,32
MasterBustin,2618.1052631578946,55.48736842105263,26.367631578947364,22.08657894736842,24.216052631578947,782.3063157894736,4.9223684210526315,30.430789473684207,67,-975.5,56.53153846153846,22.330000000000002,20.86846153846154,24.174999999999997,653.6226923076924,3.8419230769230768,30.79769230769231,67
XiRho,369.6666666666667,56.39,25.74,20.797777777777778,18.89333333333333,533.0511111111111,3.301111111111111,31.196666666666665,4,-1511.8333333333333,53.655,21.88666666666667,21.95583333333333,20.43,516.3583333333332,3.3024999999999998,32.173333333333325,64
How am i a clown,1443.421052631579,53.29315789473684,22.743684210526315,19.894736842105267,18.79315789473684,571.5626315789475,2.66,30.146315789473675,48,-1678.3333333333333,52.86466666666667,24.031333333333336,20.28066666666666,20.747333333333334,499.62666666666667,2.465333333333333,27.32333333333333,48
Creatyre,3266.1470588235293,47.42500000000001,16.265,22.659999999999997,21.347352941176467,646.7126470588236,1.7464705882352942,28.23588235294118,121,-819.46875,48.5965625,19.8125,21.4803125,19.642812499999998,513.430625,1.4478125,30.9171875,107
Ðadd,3846.0555555555557,53.61277777777778,22.342499999999994,24.30194444444444,27.976944444444445,852.5849999999999,6.496388888888889,28.195833333333336,523,-1731.128205128205,45.362051282051276,16.267435897435895,22.257948717948718,21.899487179487178,552.9433333333335,5.82871794871795,28.104871794871794,523
Spoktoto,3648.409090909091,58.60954545454546,21.927727272727275,24.980909090909087,31.00818181818182,1008.0668181818182,6.40409090909091,26.76090909090909,498,-1419.0,52.42066666666666,21.249333333333333,23.533333333333335,26.52666666666666,693.0426666666666,5.700666666666666,28.34133333333334,145
dankenhealer500,1770.5,50.3025,26.385833333333334,21.67833333333333,27.858333333333334,926.3558333333334,6.033333333333334,30.326666666666668,8,-1427.0,51.94272727272728,23.179090909090913,22.508181818181818,32.449999999999996,718.8781818181817,5.799999999999999,26.50272727272727,8
RevDead,1232.0,45.400666666666666,19.177999999999997,21.166666666666668,25.851333333333333,762.4226666666666,5.809333333333333,31.398000000000003,8,-1049.357142857143,43.28214285714285,19.11428571428571,21.01714285714286,27.048571428571424,688.0321428571431,5.873571428571429,27.752857142857142,8
Pew Pew Panda ,2691.2,49.346000000000004,16.118000000000002,23.032,23.71,725.426,4.779999999999999,28.948,38,-2050.6666666666665,43.11833333333334,14.97166666666667,21.495,18.02,348.935,5.323333333333333,28.168333333333333,67
Blorby,2548.9333333333334,56.174333333333344,25.16666666666667,23.87833333333333,30.915000000000003,1046.541666666667,5.248333333333332,30.03433333333333,55,-1191.3939393939395,52.68848484848484,25.597272727272724,23.207272727272724,26.957272727272727,702.3506060606061,5.310909090909091,28.161515151515154,55
kyziuu,2947.8,53.60733333333333,10.956666666666665,22.983999999999995,24.774000000000004,754.0106666666667,5.2299999999999995,29.784666666666666,4,-3574.9375,42.110625,17.83875,20.9825,20.441875000000003,490.69375,4.66,28.905,4
Kon Hun Lee,1533.3142857142857,46.562,20.29828571428571,18.86657142857143,17.176571428571428,519.8822857142858,3.5822857142857147,29.57657142857143,134,-1652.2894736842106,45.67605263157895,21.2928947368421,19.341842105263165,19.001052631578947,474.36131578947357,3.3376315789473687,29.163684210526316,134
Fightclubz,1937.8125,64.8746875,15.114687499999999,15.975000000000001,14.061874999999999,411.5015625,0.8012499999999999,27.895625000000003,40,-710.6206896551724,64.2796551724138,14.39241379310345,15.919655172413794,16.55793103448276,421.21344827586205,0.8113793103448275,32.95103448275862,40
gurtsquad,1093.8076923076924,57.41307692307692,17.92076923076923,16.926153846153845,14.683076923076923,469.86230769230764,2.488461538461538,31.56346153846153,16,-778.3333333333334,52.196000000000005,17.462666666666667,19.472666666666665,22.886000000000003,608.3946666666667,3.124,29.988666666666667,161
SkAvEn,1936.3870967741937,53.71064516129034,20.695483870967745,21.691612903225806,24.38935483870968,760.0087096774193,5.0451612903225795,30.421612903225807,202,-1853.8636363636363,46.695,19.232727272727274,21.659545454545455,22.76045454545455,576.4277272727272,5.389545454545455,28.534090909090914,202
Chief Cheeba,1465.857142857143,46.125,22.19357142857143,20.34857142857143,23.49214285714286,687.85,4.665714285714286,29.896428571428576,9,-2107.777777777778,50.93055555555555,20.278888888888886,19.736666666666665,21.035,536.5094444444444,3.619444444444444,29.498333333333335,4
Jollibees,725.8235294117648,46.1935294117647,23.284705882352938,20.698823529411765,21.380000000000003,706.2964705882354,4.711176470588235,30.118823529411763,8,-1579.4285714285713,55.96142857142856,23.139999999999993,22.041428571428572,25.177142857142858,711.0828571428572,5.087142857142857,30.207142857142856,9
Nathy,3324.0,53.27390243902439,18.92219512195122,23.113170731707317,26.28048780487805,804.6482926829269,5.028048780487806,28.00609756097561,18,-1313.96,52.0904,19.0144,20.307199999999998,19.4172,540.0616,3.7916,31.9544,3
d13C,580.0357142857143,38.11035714285714,22.442857142857143,20.47321428571428,19.599999999999998,581.9978571428571,5.6925,31.939642857142854,92,-2394.4545454545455,40.89909090909091,22.023333333333333,19.7269696969697,20.26030303030303,533.7166666666667,5.0248484848484845,30.306969696969702,92
sskye,1502.0666666666666,60.406666666666666,25.39066666666667,15.400666666666666,11.494666666666667,320.196,1.1126666666666667,27.716,89,-1970.1666666666667,55.072916666666664,21.811666666666667,15.334166666666667,13.41375,338.04083333333335,1.1858333333333333,28.979583333333334,44
Caldwell,2299.25,53.254375,25.245625000000004,22.901875000000004,30.3496875,988.7765625,5.326874999999999,31.1053125,55,-974.2666666666667,54.20399999999999,21.81866666666666,22.969666666666672,28.198666666666668,719.2239999999999,5.494666666666666,29.93633333333333,69
