,GamesPlayed,WinRate,WinGoldDiff,WinKP,WinDP,WinGoldShare,WinDmgShare,WinDmgRate,WinCSRate,WinTime,WinningestRole,WinningestChampion,LoseGoldDiff,LoseKP,LoseDP,LoseGoldShare,LoseDmgShare,LoseDmgRate,LoseCSRate,LoseTime,LosingestRole,LosingestChampion
XstC,86,48.84,876.7619047619048,45.169761904761906,24.602619047619047,17.357857142857142,17.847619047619048,593.9319047619049,1.4626190476190477,30.22666666666666,DUO_SUPPORTBOTTOM,Zyra,-148.54545454545453,53.51681818181817,20.879772727272726,19.042272727272724,22.962954545454547,650.6452272727273,1.976136363636364,30.82431818181818,DUO_SUPPORTBOTTOM,Zyra
Spungee,48,56.25,1931.962962962963,53.0462962962963,18.65888888888889,18.59259259259259,17.89777777777778,524.9866666666667,2.2655555555555558,27.08333333333333,DUO_SUPPORTBOTTOM,Karma,-1162.904761904762,54.61619047619047,24.43809523809524,16.64761904761905,14.717142857142855,358.1871428571428,1.470952380952381,30.025238095238098,DUO_SUPPORTBOTTOM,Karma
ƒƒour,81,48.15,1899.0,49.74384615384616,21.077179487179485,20.905384615384612,22.10615384615384,648.4166666666666,3.9341025641025644,29.046410256410255,DUO_CARRYBOTTOM,Jhin,-1159.904761904762,51.06452380952381,21.829285714285714,20.882380952380952,21.492380952380948,574.2976190476192,3.7542857142857136,31.427619047619043,DUO_CARRYBOTTOM,Jhin
CLANGster,69,44.93,1067.3225806451612,43.286774193548396,20.94516129032258,20.230967741935483,20.69290322580645,564.3387096774194,5.260645161290322,27.298709677419357,DUO_CARRYBOTTOM,Garen,-1583.3947368421052,41.886842105263156,21.597368421052632,21.321578947368423,22.40947368421053,567.1344736842105,5.1421052631578945,29.898157894736844,SOLOTOP,Garen
Antonah,66,54.55,3416.277777777778,43.182500000000005,23.519722222222228,22.44361111111111,25.984444444444442,814.4575,5.9941666666666675,29.15694444444444,SOLOMID,Sett,-340.8,44.98633333333334,22.607999999999997,23.005,26.100666666666662,693.0320000000003,5.631333333333333,31.440333333333335,SOLOTOP,Irelia
Ohsup,77,50.65,1411.4102564102564,49.48282051282051,16.967692307692307,20.069487179487176,16.401794871794866,514.4941025641025,1.1117948717948718,30.244615384615383,NONEJUNGLE,Ekko,-1252.1315789473683,53.13947368421052,17.61026315789474,20.497894736842103,18.092631578947362,501.358947368421,1.5726315789473682,32.586052631578944,NONEJUNGLE,Shen
Elemonation,65,53.85,556.7142857142857,44.370000000000005,26.886857142857142,19.305428571428575,19.32314285714286,586.8305714285714,3.9791428571428566,31.795142857142856,SOLOMID,Yasuo,-2428.9,41.04999999999999,24.67033333333334,19.888333333333335,19.473666666666666,471.5376666666667,3.9136666666666664,28.916999999999994,SOLOMID,Yasuo
RunMyChildren,81,41.98,1196.9411764705883,50.4485294117647,17.54705882352941,17.833823529411763,18.665294117647058,564.4579411764706,2.599411764705882,31.381764705882347,DUO_SUPPORTBOTTOM,Sona,-1395.7446808510638,46.63361702127659,17.98702127659574,17.50872340425532,16.489148936170213,410.3259574468085,2.3731914893617025,30.694468085106386,DUO_SUPPORTBOTTOM,Sona
Chimp Slayer,22,77.27,4639.235294117647,63.973529411764716,20.915882352941175,25.762941176470587,30.47941176470588,947.460588235294,1.5664705882352943,27.03235294117647,NONEJUNGLE,MasterYi,-690.8,47.32,19.14,20.296,18.895999999999997,531.728,1.834,28.830000000000002,NONEJUNGLE,Rengar
14weedandanime88,68,57.35,4856.48717948718,54.6025641025641,26.667692307692306,25.035641025641024,33.32435897435898,1054.8841025641027,5.356410256410257,26.743846153846153,SOLOMID,Cassiopeia,1567.2068965517242,50.31827586206896,25.49068965517242,23.49,25.487931034482763,740.2220689655173,3.950344827586207,29.664827586206897,SOLOMID,Tryndamere
Jet X,65,55.38,3097.8333333333335,51.4288888888889,16.916388888888893,22.880277777777778,26.468888888888888,854.3547222222222,4.993333333333333,31.046388888888885,SOLOMID,Ahri,-843.9310344827586,48.14413793103449,19.692758620689652,21.537241379310352,21.722068965517245,598.3203448275862,3.4658620689655173,29.55827586206897,NONEJUNGLE,Ahri
Pantyraid69,73,54.79,3934.725,44.8995,24.447499999999998,23.065499999999997,24.57225,768.2445,5.3,28.97475,SOLOTOP,Darius,-1203.969696969697,46.947878787878786,23.17939393939394,22.501818181818184,24.15818181818182,649.0463636363636,4.406969696969697,29.903333333333332,SOLOTOP,Garen
Byroni,67,44.78,297.53333333333336,50.65366666666666,26.14966666666667,20.405000000000005,23.620000000000005,781.8680000000002,4.713,31.85066666666667,DUO_CARRYBOTTOM,Caitlyn,-2484.0,46.560810810810814,23.439189189189186,20.563513513513513,22.031081081081084,568.6567567567567,4.334864864864865,29.733513513513522,DUO_CARRYBOTTOM,Caitlyn
Head Pats Pls,76,56.58,2027.5581395348838,58.08744186046511,23.56511627906977,16.81767441860465,12.841162790697673,403.2927906976745,1.4867441860465114,30.416744186046508,DUO_SUPPORTBOTTOM,Janna,-1472.939393939394,52.127272727272725,22.166060606060604,18.57575757575757,16.421818181818182,452.83060606060604,2.3287878787878786,30.84545454545454,DUO_SUPPORTBOTTOM,Janna
Alex of Thunder,69,46.38,598.5625,47.511250000000004,21.3878125,16.73625,12.6228125,389.98749999999995,2.8575,30.7990625,DUO_SUPPORTBOTTOM,Leona,-1999.7567567567567,44.56297297297297,20.04945945945946,17.82216216216216,14.043783783783784,343.18189189189195,2.9918918918918918,29.960270270270268,DUO_SUPPORTBOTTOM,Nautilus
MooTheCowFrank,85,50.59,1954.7209302325582,52.33441860465116,22.61,20.90093023255814,24.711162790697674,763.2976744186047,4.182790697674419,30.426279069767446,SOLOMID,Kassadin,-1598.1190476190477,47.90238095238095,22.36452380952381,19.72785714285714,20.631666666666668,535.4361904761905,3.5090476190476183,30.10261904761905,SOLOMID,Yasuo
Tyestro,83,54.22,1420.6666666666667,44.092666666666666,15.542888888888886,17.42577777777778,19.194444444444443,566.8973333333332,2.6166666666666667,29.571333333333335,DUO_SUPPORTBOTTOM,Xerath,-1328.578947368421,45.562105263157896,16.39631578947368,18.76578947368421,20.495,499.7207894736843,3.2734210526315786,30.900789473684206,DUO_SUPPORTBOTTOM,Xerath
Teaching,78,58.97,3729.021739130435,60.24173913043478,12.768260869565216,20.460869565217394,28.853478260869565,862.751304347826,2.6639130434782605,28.644782608695653,DUO_SUPPORTBOTTOM,Anivia,281.1875,58.2771875,16.0740625,19.6590625,26.9446875,684.381875,2.3637499999999996,29.676250000000003,DUO_SUPPORTBOTTOM,Anivia
Libbybear,76,53.95,1729.341463414634,45.46121951219512,14.140975609756097,16.198780487804882,18.62073170731707,592.6609756097561,1.254390243902439,32.768780487804875,DUO_SUPPORTBOTTOM,Zyra,-451.2857142857143,50.800285714285714,16.908,16.87914285714286,21.94257142857143,571.084,1.524,32.584,DUO_SUPPORTBOTTOM,Zyra
SicKisH,76,43.42,803.6666666666666,44.844848484848484,18.57121212121212,19.91909090909091,20.172121212121215,609.7048484848485,4.489393939393939,29.195757575757575,SOLOMID,Talon,-2020.9302325581396,44.939767441860475,18.770697674418606,20.184418604651164,20.792325581395346,530.3234883720932,3.7188372093023254,29.29674418604651,NONEJUNGLE,Ziggs
1Honey Badger1,81,55.56,2253.6,53.79355555555555,21.92488888888889,22.288666666666664,24.34755555555556,747.8106666666667,5.430888888888888,30.047333333333327,DUO_CARRYBOTTOM,Tristana,-842.3888888888889,55.12777777777777,19.221666666666668,22.93888888888889,24.00777777777778,680.7333333333333,5.534166666666668,32.45027777777778,DUO_CARRYBOTTOM,MissFortune
iamJAR1,61,45.9,617.6428571428571,39.66571428571428,23.343214285714286,19.744642857142853,18.51071428571429,563.8067857142858,4.063928571428571,29.206071428571427,SOLOMID,Talon,-1225.939393939394,41.82818181818182,19.275454545454547,19.694848484848485,16.73151515151515,410.2572727272728,2.877575757575757,29.527575757575757,SOLOMID,Talon
Froo,74,52.7,1856.7435897435898,53.56230769230769,22.642820512820517,19.08717948717949,23.894102564102564,719.7392307692309,3.4612820512820517,28.594871794871796,SOLOMID,Brand,-1714.3428571428572,51.295428571428566,20.028571428571425,19.50057142857143,24.579714285714285,687.8794285714284,3.657428571428571,30.837142857142855,SOLOMID,Brand
BobPatel,80,53.75,1502.1627906976744,45.78790697674418,17.197209302325582,20.652558139534886,22.233023255813954,678.2944186046512,5.506511627906976,29.72348837209302,SOLOMID,Yasuo,-1185.4864864864865,41.57594594594594,18.593243243243247,21.29837837837837,23.874594594594594,562.0889189189188,5.352162162162161,28.821621621621624,SOLOMID,Yasuo
Centrickz,47,51.06,2069.3333333333335,46.432916666666664,26.199166666666667,19.491249999999997,16.16875,465.27375,3.3058333333333336,28.469166666666666,DUO_CARRYBOTTOM,Pyke,-887.8695652173913,44.859565217391314,21.69478260869565,18.53608695652174,13.943913043478258,357.2117391304348,2.5595652173913037,29.555217391304346,DUO_SUPPORTBOTTOM,Pyke
ElementalHero DD,77,49.35,3152.657894736842,47.70947368421053,18.900000000000002,23.400263157894738,26.359736842105264,829.8418421052633,5.9028947368421045,30.3721052631579,DUO_CARRYBOTTOM,Ezreal,-611.7692307692307,47.533333333333324,19.48333333333333,22.823076923076922,26.60076923076923,667.7689743589744,4.942307692307693,29.35128205128205,SOLOMID,Ezreal
Biteth3bullet,76,43.42,1641.969696969697,48.097272727272724,19.600303030303028,20.778787878787877,19.44818181818182,581.3545454545455,4.822424242424243,29.434545454545457,DUO_CARRYBOTTOM,MissFortune,-1752.4883720930231,48.244883720930225,23.240232558139535,20.477441860465117,19.802325581395348,481.36953488372086,4.071627906976745,29.96186046511628,DUO_CARRYBOTTOM,Ryze
EGuinand,87,56.32,2542.612244897959,53.24714285714286,13.794285714285714,21.94918367346939,21.835714285714282,682.5532653061225,5.218571428571428,32.630204081632655,DUO_CARRYBOTTOM,Jhin,-1409.4473684210527,53.2,15.617894736842103,22.648684210526316,22.12157894736842,541.9784210526316,5.112631578947369,30.392368421052634,DUO_CARRYBOTTOM,Jhin
Treezus Christ,65,33.85,203.95454545454547,38.81409090909091,17.49681818181818,18.350454545454546,17.23818181818182,533.1077272727272,4.841363636363637,30.06318181818182,SOLOTOP,Maokai,-2656.8837209302324,38.12372093023256,18.746976744186043,18.68046511627907,15.52093023255814,355.1048837209302,3.5948837209302327,29.772558139534883,SOLOTOP,Maokai
KohPanda,72,48.61,2385.5714285714284,42.32542857142857,19.579428571428572,22.081142857142858,23.021714285714285,687.2282857142858,4.998571428571428,27.27914285714286,SOLOMID,Yasuo,-1215.1351351351352,47.52351351351352,19.457027027027028,21.025405405405404,23.921081081081077,591.9356756756756,4.138108108108108,28.943243243243238,SOLOMID,Yasuo
Urve,76,38.16,418.2068965517241,42.73758620689655,19.998965517241377,20.153793103448276,17.002413793103447,550.1872413793103,4.797241379310346,29.7796551724138,DUO_CARRYBOTTOM,Aphelios,-2290.425531914894,46.35170212765958,19.894680851063832,20.495744680851065,19.074042553191486,461.87127659574463,5.000425531914894,28.01808510638298,DUO_CARRYBOTTOM,Aphelios
Judai,80,50.0,947.575,49.9295,15.788,15.60775,10.44075,305.93375,2.1905,30.303250000000002,DUO_SUPPORTBOTTOM,Braum,-1624.625,47.779250000000005,18.567,16.68875,12.79125,318.92600000000004,2.842,29.63025,DUO_SUPPORTBOTTOM,Braum
Ascherict,85,51.76,146.25,41.636818181818185,22.872272727272726,16.015,15.503409090909088,469.3195454545455,2.4277272727272723,30.74886363636364,DUO_SUPPORTBOTTOM,Brand,-2675.829268292683,39.97609756097561,21.8890243902439,16.661951219512197,17.59414634146341,396.1953658536585,2.371707317073171,28.298292682926824,DUO_SUPPORTBOTTOM,Brand
StormTempest,85,49.41,922.8809523809524,48.36119047619048,19.023571428571433,19.771428571428576,21.549999999999997,666.0780952380952,4.5911904761904765,29.68738095238095,SOLOMID,Zed,-2205.3488372093025,47.300465116279064,22.3746511627907,20.40418604651163,20.38348837209302,515.319534883721,4.280232558139535,29.513720930232555,SOLOMID,Zed
IoniaQueen,74,51.35,994.3947368421053,42.64131578947368,19.984473684210524,18.791842105263157,16.00605263157895,505.527105263158,2.5278947368421054,31.638947368421046,NONEJUNGLE,Rammus,-2400.9166666666665,41.27638888888889,22.707777777777782,18.165,16.058888888888887,410.6069444444444,2.238055555555556,29.82222222222222,NONEJUNGLE,Rammus
Timiche,77,59.74,3890.978260869565,51.847173913043484,20.936304347826088,22.935869565217395,28.20978260869565,885.9378260869566,4.865434782608696,29.87826086956521,SOLOMID,Zed,-333.06451612903226,49.391935483870974,22.288709677419355,21.84774193548387,22.550967741935484,604.5629032258064,3.54483870967742,31.511612903225807,SOLOMID,Pyke
Cryoshock,85,57.65,2348.7755102040815,55.80367346938776,12.172857142857142,21.939387755102047,27.32102040816327,832.7830612244898,4.920408163265306,30.807551020408162,DUO_CARRYBOTTOM,Ezreal,-777.6111111111111,51.43944444444444,13.833888888888888,22.08527777777778,26.101666666666667,654.5483333333333,5.315277777777777,31.137500000000003,DUO_CARRYBOTTOM,Ezreal
ValhallaWolf,72,43.06,982.9677419354839,46.53709677419355,19.974516129032256,19.626129032258063,19.480322580645165,608.661935483871,2.6874193548387093,30.827096774193553,NONEJUNGLE,MasterYi,-2343.9756097560976,49.4409756097561,19.68365853658537,20.088048780487807,21.1390243902439,528.5675609756098,3.312439024390243,30.643658536585374,NONEJUNGLE,Warwick
DyreWoIf,76,47.37,2055.6388888888887,45.91777777777778,18.704166666666666,20.17138888888889,19.43166666666667,571.1738888888889,3.8077777777777775,29.16666666666666,SOLOMID,Mordekaiser,-945.375,50.667500000000004,18.933249999999997,21.25325,20.404000000000003,496.04050000000007,3.2630000000000003,30.137999999999998,SOLOMID,Mordekaiser
frostybones,78,50.0,2401.7179487179487,50.13153846153846,20.386923076923075,18.075128205128205,21.266153846153845,650.006923076923,1.864615384615385,31.063589743589745,DUO_SUPPORTBOTTOM,Brand,-869.7435897435897,50.72307692307693,20.153333333333332,18.800256410256413,20.566153846153846,549.3838461538461,2.2915384615384617,30.68948717948718,DUO_SUPPORTBOTTOM,Lux
Beatingu,76,48.68,1926.837837837838,48.159189189189185,16.002702702702702,20.496756756756756,18.235135135135135,591.8527027027026,2.9689189189189187,29.987297297297303,NONEJUNGLE,DrMundo,-2421.2051282051284,44.15692307692307,21.612820512820516,19.609487179487182,18.865897435897434,476.08615384615376,3.297692307692308,28.336923076923075,NONEJUNGLE,DrMundo
FirestormXL,79,53.16,792.0238095238095,54.88809523809523,16.580476190476194,15.104999999999999,13.999523809523808,458.89476190476176,0.5700000000000001,31.46309523809524,DUO_SUPPORTBOTTOM,Yuumi,-1809.4324324324325,45.88297297297297,18.91783783783784,15.209189189189185,13.938648648648648,367.86621621621623,0.7132432432432433,30.828378378378375,DUO_SUPPORTBOTTOM,Yuumi
aml15,76,46.05,875.8285714285714,31.990000000000002,21.983428571428572,20.168,19.391714285714286,618.2974285714284,5.4788571428571435,31.573428571428565,SOLOTOP,Urgot,-2225.121951219512,29.00365853658537,21.0390243902439,20.201219512195124,18.523658536585366,470.7165853658537,5.066829268292683,29.785365853658536,SOLOTOP,Urgot
Nobodyyyyyyy,75,53.33,664.225,47.81850000000001,13.357499999999998,19.679750000000002,13.904749999999998,424.717,1.3815,31.353500000000004,NONEJUNGLE,MonkeyKing,-1659.3142857142857,51.22628571428571,17.52657142857143,19.969428571428573,15.007714285714286,365.8542857142857,1.6097142857142859,30.36828571428572,NONEJUNGLE,MonkeyKing
Self Destruct,78,47.44,2719.4594594594596,54.32351351351351,19.772162162162164,22.521891891891894,20.83729729729729,580.2008108108108,1.6764864864864863,28.9827027027027,NONEJUNGLE,MasterYi,-2430.0731707317073,51.31951219512195,21.194878048780488,20.334634146341465,18.384390243902438,433.1234146341463,2.0314634146341466,29.408048780487807,NONEJUNGLE,MasterYi
Hetsuka,45,46.67,347.3809523809524,51.08190476190477,20.819523809523808,17.83952380952381,11.444761904761904,346.2204761904762,0.6833333333333333,29.79380952380952,NONEJUNGLE,JarvanIV,-2100.5416666666665,58.1025,21.712500000000002,19.006666666666664,12.953333333333333,324.3945833333333,0.815,31.01875,NONEJUNGLE,JarvanIV
Kvothe Complex,73,45.21,897.5757575757576,41.810909090909085,14.334545454545454,18.85121212121212,20.16121212121212,613.73,4.236060606060605,30.59363636363636,SOLOTOP,Malphite,-2341.325,41.37025,18.09325,19.50875,22.9715,585.3977500000001,4.0635,29.716250000000002,SOLOMID,Garen
ImBADatDISGAM3,80,51.25,1043.0,45.206585365853655,15.913658536585364,20.236097560975608,20.739512195121954,623.5180487804878,4.8565853658536575,32.32341463414634,SOLOMID,Irelia,-2321.153846153846,44.582564102564106,16.407948717948717,20.54615384615385,20.61205128205128,502.14102564102564,4.674358974358975,30.670256410256414,SOLOTOP,Irelia
AnakinSkywalkerr,79,48.1,927.1842105263158,45.41947368421053,18.879736842105263,19.064473684210526,22.91605263157895,688.7555263157894,4.451842105263157,29.42394736842105,SOLOMID,Xerath,-1944.9024390243903,50.99780487804879,20.55951219512195,20.727804878048783,25.419999999999995,651.3424390243903,4.017073170731707,28.733414634146346,SOLOMID,Fizz
Ni De Xiao Ke Ai,72,45.83,894.6363636363636,49.374848484848485,14.118181818181817,18.78151515151515,14.198787878787881,404.45363636363635,2.234545454545454,30.023939393939397,NONEJUNGLE,LeeSin,-1570.179487179487,53.919487179487184,16.387179487179488,19.528205128205126,15.838974358974363,415.53333333333325,2.5166666666666666,30.791794871794874,NONEJUNGLE,LeeSin
Fatty the quick,76,50.0,1355.4736842105262,49.566315789473684,16.67710526315789,19.407105263157895,21.62157894736842,608.5060526315789,4.220526315789474,29.54842105263158,SOLOMID,Mordekaiser,-1069.1052631578948,47.90368421052632,16.792631578947372,19.47184210526316,19.258421052631576,479.46500000000015,3.8239473684210536,31.81131578947369,SOLOMID,Zed
ShortAnSweet,76,51.32,583.1282051282051,50.02051282051281,17.466410256410253,17.657179487179484,16.035641025641024,486.70794871794874,2.7789743589743585,30.31333333333333,DUO_CARRYBOTTOM,Nami,-2358.2432432432433,49.832972972972975,19.641351351351346,17.214864864864865,16.518648648648647,413.55135135135134,2.4024324324324327,31.41270270270271,DUO_SUPPORTBOTTOM,Nami
oO LovE Lin Oo,80,57.5,1029.8695652173913,51.514565217391315,16.733695652173914,18.156739130434786,19.117608695652173,607.3173913043479,3.485217391304347,32.714999999999996,SOLOMID,Lux,-2909.5882352941176,50.078823529411764,18.018529411764707,19.095588235294116,21.293235294117647,529.6164705882353,4.016176470588235,29.692352941176473,SOLOMID,Lux
Mr Wild Heart,36,44.44,2557.5625,46.76375,14.053125,16.541874999999997,11.838750000000001,323.814375,1.041875,26.766875,DUO_SUPPORTBOTTOM,Zilean,-1350.75,47.37599999999999,17.229,15.3095,11.356,291.62500000000006,1.066,30.781499999999994,DUO_SUPPORTBOTTOM,Thresh
Ushirode Kiruka,47,46.81,1796.4545454545455,45.97,22.05636363636364,17.007727272727273,12.60090909090909,384.8118181818182,2.5650000000000004,29.448181818181812,DUO_SUPPORTBOTTOM,Thresh,-1856.36,40.3768,17.3816,16.6576,11.6032,294.5308,2.7207999999999997,28.821600000000004,DUO_SUPPORTBOTTOM,Thresh
iwaantlp,78,46.15,1628.7222222222222,48.955000000000005,17.731111111111108,20.808611111111112,22.28805555555555,653.7063888888889,4.47138888888889,29.643611111111106,SOLOMID,LeeSin,-1186.6666666666667,45.73404761904762,18.43642857142857,21.554285714285715,22.893333333333334,593.2521428571429,5.351190476190475,31.388809523809527,SOLOMID,Ryze
WOLFPACK Ares,75,46.67,3726.885714285714,50.05828571428572,23.185294117647057,23.06257142857143,25.062,737.0494285714285,3.9637142857142855,28.686285714285713,NONEJUNGLE,Nocturne,-390.45,48.21725,20.56925,22.7575,24.081,640.2985000000001,4.85,30.180500000000002,SOLOMID,Nocturne
ChrisStephenHP,72,54.17,947.1282051282051,53.69102564102565,16.879487179487175,17.406410256410254,15.211538461538462,459.02897435897427,2.735897435897436,30.239743589743593,DUO_SUPPORTBOTTOM,Galio,-1835.5454545454545,49.55545454545455,16.844242424242424,18.47151515151515,18.873636363636365,505.56666666666666,3.6066666666666665,32.155757575757576,DUO_SUPPORTBOTTOM,Ziggs
JDJSalinger,64,45.31,1151.551724137931,50.93103448275862,15.070344827586206,14.883103448275861,7.993793103448275,220.7924137931035,1.1093103448275863,29.71655172413793,DUO_SUPPORTBOTTOM,Thresh,-1444.2285714285715,51.496,17.210571428571427,14.974857142857143,9.370571428571427,215.6697142857143,1.3219999999999996,30.54742857142857,DUO_SUPPORTBOTTOM,Thresh
PapaDruu,81,48.15,1471.2820512820513,52.21384615384616,18.715384615384618,21.04897435897436,22.524358974358975,708.8520512820512,5.2794871794871785,30.73282051282051,DUO_CARRYBOTTOM,Sivir,-810.0,46.88285714285714,18.603095238095236,21.241428571428575,24.312380952380952,612.1733333333333,5.34595238095238,29.518809523809523,DUO_CARRYBOTTOM,Sivir
VangXiong,78,50.0,1252.820512820513,50.237179487179496,25.187435897435897,20.160769230769233,23.446410256410253,739.8879487179487,4.780256410256411,29.383846153846154,SOLOMID,Xerath,-2504.641025641026,43.83512820512821,22.452820512820512,20.20948717948718,22.042564102564103,562.9994871794871,5.1005128205128205,28.56948717948718,SOLOMID,Yasuo
WatchThisRatSpin,75,42.67,1583.375,44.779062499999995,23.6921875,20.830312499999998,20.0009375,612.7759375,2.9603125,29.6725,NONEJUNGLE,Twitch,-2188.7906976744184,51.974186046511626,22.13813953488372,21.049999999999997,21.212093023255814,533.9558139534885,2.891162790697674,30.75906976744186,NONEJUNGLE,Twitch
Dubious Donger,67,49.25,644.7575757575758,39.78121212121212,11.66333333333333,19.6,15.06909090909091,440.02363636363634,3.9063636363636363,31.006060606060604,NONEJUNGLE,Volibear,-2613.1470588235293,40.25117647058824,20.795294117647057,19.613529411764706,15.727058823529413,392.91,3.3273529411764704,30.214117647058824,NONEJUNGLE,Volibear
MutrEagle,69,49.28,623.4705882352941,46.304117647058824,23.104705882352942,15.910588235294119,11.63764705882353,321.63382352941176,1.6179411764705882,27.980588235294114,DUO_SUPPORTBOTTOM,Leona,-2261.5714285714284,47.226,19.73371428571429,15.64342857142857,11.55857142857143,281.3522857142857,1.5479999999999998,30.064,DUO_SUPPORTBOTTOM,Nautilus
sdfkjhkxck,90,51.11,1208.4130434782608,50.69021739130434,25.46369565217391,19.05260869565217,19.707608695652176,619.8328260869565,3.82391304347826,29.891956521739136,DUO_CARRYBOTTOM,Diana,-2175.2954545454545,44.37863636363637,25.003636363636364,18.852045454545454,18.352954545454548,427.98681818181825,3.9552272727272726,28.82659090909091,DUO_CARRYBOTTOM,Kaisa
Best cat GG,73,53.42,1873.820512820513,41.427435897435906,14.096666666666666,21.029230769230768,18.34128205128205,576.0264102564104,5.74948717948718,32.30794871794871,SOLOTOP,Nasus,-1784.4705882352941,38.540882352941175,15.880882352941178,20.634705882352943,17.283823529411766,433.9732352941176,5.019411764705881,29.77205882352941,SOLOTOP,Nasus
Vynst,72,55.56,1233.2,49.346250000000005,13.16575,18.35875,16.729,488.96825000000007,2.74775,29.63775,DUO_CARRYBOTTOM,MissFortune,-2055.4375,49.407187500000006,17.0515625,18.8809375,16.4725,405.5921875,2.2196875,28.7484375,NONEJUNGLE,Leona
Zackz Calamity,65,55.38,1408.6944444444443,47.269722222222214,13.291944444444445,19.988333333333333,13.581388888888888,397.378888888889,1.696111111111111,29.06694444444444,NONEJUNGLE,Trundle,-1519.7586206896551,51.61034482758621,16.95448275862069,20.727931034482758,17.38758620689655,459.9293103448276,1.6134482758620687,30.87137931034483,NONEJUNGLE,Amumu
neat dude,77,51.95,1539.475,53.11824999999999,14.78425,17.793,14.9665,437.16774999999996,2.50675,29.8315,DUO_SUPPORTBOTTOM,Thresh,-1426.837837837838,55.34216216216216,18.307567567567567,17.727027027027027,15.700810810810816,405.35432432432435,2.497297297297298,30.547567567567572,DUO_SUPPORTBOTTOM,Thresh
MaGo444,74,48.65,2155.8333333333335,51.34916666666667,17.161388888888887,20.227222222222224,19.576111111111114,596.4077777777777,1.3216666666666668,30.068333333333335,NONEJUNGLE,Rengar,-1051.1842105263158,52.80105263157894,16.74578947368421,20.34315789473684,19.270789473684214,472.8747368421053,1.671578947368421,29.86157894736842,NONEJUNGLE,LeeSin
SmashinYaFam,67,50.75,2069.8529411764707,48.81647058823529,19.468235294117648,22.23058823529412,26.14558823529412,827.734117647059,4.504999999999999,30.248823529411766,SOLOTOP,Fiora,-1685.8181818181818,45.98242424242424,20.90909090909091,20.12242424242424,21.59151515151515,574.8409090909091,4.1924242424242415,31.390303030303034,SOLOTOP,Fiora
Lucashfm,78,56.41,2262.7045454545455,54.70659090909091,16.795909090909092,22.459318181818183,26.074318181818185,728.9888636363637,4.821136363636364,29.37522727272727,DUO_CARRYBOTTOM,Vayne,-839.1470588235294,54.84882352941176,17.25735294117647,22.79529411764706,24.36647058823529,626.9126470588236,4.431470588235293,31.273529411764706,DUO_CARRYBOTTOM,Vayne
KazumaSat0,76,43.42,1149.909090909091,50.70636363636363,18.456363636363633,18.037272727272725,17.27272727272727,540.3772727272727,3.109090909090909,30.27909090909091,DUO_SUPPORTBOTTOM,Morgana,-2225.5813953488373,44.70441860465116,18.873720930232558,18.38674418604651,17.74837209302326,468.9306976744185,3.2544186046511623,30.66046511627907,DUO_SUPPORTBOTTOM,Morgana
Majorherb,83,51.81,2149.8372093023254,50.015581395348825,17.804651162790694,20.205581395348837,22.838837209302323,725.9220930232558,3.7881395348837206,33.08395348837209,SOLOMID,Brand,-1564.625,48.558499999999995,20.35325,20.95975,22.961750000000002,563.9315,3.8902500000000004,30.1625,SOLOMID,Ekko
KodaTheGiraffe,79,48.1,1369.5263157894738,43.78499999999999,21.370263157894737,18.35684210526316,17.93,559.6936842105265,3.121578947368421,30.026842105263157,DUO_SUPPORTBOTTOM,Zyra,-1860.0243902439024,39.25048780487805,22.54390243902439,17.689999999999998,17.89048780487805,459.33414634146334,2.932926829268293,30.788780487804875,DUO_SUPPORTBOTTOM,Zyra
NYC00DRAGON,71,49.3,516.8857142857142,38.93714285714285,19.673142857142857,19.769428571428573,17.200857142857142,549.2411428571428,4.312857142857142,31.594000000000005,SOLOTOP,Garen,-2598.25,38.24361111111111,20.43916666666667,19.756666666666668,19.334722222222226,505.2830555555556,3.7313888888888886,29.86888888888889,SOLOTOP,Garen
oh web,75,48.0,910.5833333333334,44.51555555555555,20.472777777777775,20.880555555555556,21.215833333333332,582.32,4.403888888888889,29.622499999999995,SOLOMID,Sett,-491.1794871794872,43.139487179487176,19.058205128205124,21.556923076923074,21.326410256410256,549.3007692307692,4.510256410256409,31.289230769230763,SOLOMID,Sett
Pi Pi Mae,71,52.11,2446.837837837838,44.4672972972973,19.634054054054054,21.02675675675676,21.722972972972975,665.6586486486486,5.194864864864865,30.317027027027034,SOLOTOP,Riven,-1376.6176470588234,39.11088235294118,19.279117647058825,20.748235294117645,20.617941176470588,520.7335294117647,5.283235294117647,31.71705882352941,SOLOTOP,Riven
RUMBADIBOO,64,53.12,776.9705882352941,33.106764705882355,17.757941176470588,19.189117647058822,19.075000000000003,612.7644117647059,5.00764705882353,30.422058823529415,SOLOTOP,Yorick,-2069.2,36.364999999999995,19.493333333333336,20.39933333333333,21.282333333333334,587.7846666666667,4.9043333333333345,30.027333333333328,SOLOTOP,Yorick
Phade7,80,48.75,1947.179487179487,47.66333333333333,17.426153846153845,20.698205128205124,19.57589743589744,608.5061538461538,4.150256410256412,31.053589743589743,DUO_CARRYBOTTOM,Tristana,-932.6341463414634,48.008048780487805,16.804634146341467,20.706585365853655,18.65219512195122,533.4656097560976,4.209512195121952,33.32756097560975,DUO_CARRYBOTTOM,Tristana
NathanHO,72,50.0,1848.888888888889,46.66388888888889,21.099444444444444,20.25666666666667,20.55638888888889,641.9311111111111,3.5297222222222224,29.831111111111113,SOLOTOP,Ornn,-2835.6944444444443,46.78638888888889,19.284166666666664,19.61138888888889,19.90222222222222,525.1344444444444,3.3097222222222222,32.53666666666667,SOLOTOP,Leblanc
WHITEDEVIL9000,30,66.67,3917.05,46.668,20.235500000000002,23.434999999999995,25.155,754.0065000000001,6.681,28.379499999999997,SOLOTOP,Irelia,-2727.2,50.135000000000005,24.360999999999997,20.853,23.869999999999997,621.1990000000001,5.295,29.808,SOLOMID,Akali
John James Fan,82,56.1,2231.478260869565,49.64913043478262,21.396304347826085,21.290652173913042,22.936521739130438,758.1765217391305,4.915,30.776086956521734,DUO_CARRYBOTTOM,Zed,-1514.1944444444443,45.60416666666667,19.918888888888887,20.27194444444444,21.548055555555557,508.9505555555556,4.360833333333334,30.853888888888896,DUO_CARRYBOTTOM,Malphite
Shacolyte,89,52.81,956.0212765957447,50.396382978723395,21.896382978723405,17.91595744680851,21.730425531914893,705.9885106382977,1.987659574468085,30.978297872340427,DUO_SUPPORTBOTTOM,Velkoz,-1777.547619047619,49.614761904761906,21.597857142857144,18.118333333333332,20.347857142857144,530.4128571428572,2.1642857142857146,30.421666666666674,DUO_SUPPORTBOTTOM,Velkoz
N4tedagreat,73,52.05,241.3684210526316,45.65526315789473,18.463947368421053,18.148157894736844,14.902105263157894,429.2423684210526,2.204473684210526,29.673684210526318,NONEJUNGLE,Malzahar,-2538.714285714286,49.59657142857143,17.202857142857145,18.996571428571425,17.810000000000002,451.1471428571428,2.0082857142857145,30.40371428571429,NONEJUNGLE,Malzahar
EMPEROR XWW,80,47.5,2453.7631578947367,52.71052631578948,16.720789473684206,21.649473684210523,21.713421052631578,687.8692105263158,4.497105263157894,31.660263157894736,DUO_CARRYBOTTOM,Lucian,-2126.214285714286,46.528333333333336,19.20095238095238,20.395476190476188,19.172857142857147,501.4014285714286,4.03952380952381,30.769761904761904,DUO_CARRYBOTTOM,Lucian
NataIie,80,52.5,982.7619047619048,60.03023809523808,10.818809523809524,14.916666666666664,10.038095238095238,306.61476190476196,0.4642857142857143,30.738333333333333,DUO_SUPPORTBOTTOM,Nami,-689.2894736842105,63.08947368421053,11.410263157894738,16.094210526315788,13.110789473684209,346.20631578947365,0.7147368421052631,33.43815789473685,DUO_SUPPORTBOTTOM,Senna
Michelle31,73,42.47,1330.3548387096773,49.99483870967742,24.13032258064516,15.237419354838714,14.740322580645161,443.28645161290325,0.8641935483870967,31.420967741935485,DUO_SUPPORTBOTTOM,Lux,-1433.142857142857,46.775,21.55357142857143,15.319523809523808,16.504761904761903,446.8745238095238,1.007857142857143,31.746904761904766,DUO_SUPPORTBOTTOM,Lux
RichardfBm,71,50.7,1112.3333333333333,37.852222222222224,27.895555555555557,20.77055555555556,22.331944444444442,747.2230555555556,4.954444444444444,31.087222222222223,SOLOTOP,Yorick,-580.8571428571429,38.489714285714285,23.861428571428576,21.752571428571425,23.515142857142855,657.3417142857143,4.975142857142859,31.38171428571429,SOLOTOP,Yorick
DAKOTAROCHELOVE,82,48.78,2829.025,52.48174999999999,20.905,21.43325,24.518750000000004,801.24,4.94925,30.483249999999998,SOLOMID,Karma,-83.42857142857143,55.643571428571434,17.492619047619048,23.31047619047619,25.388571428571428,671.7016666666666,5.264047619047619,30.110476190476188,DUO_CARRYBOTTOM,Sivir
CBP USER,78,46.15,925.8888888888889,41.225833333333334,12.948888888888888,16.08972222222222,14.398611111111112,424.5102777777778,1.7236111111111112,30.47944444444445,DUO_SUPPORTBOTTOM,Malphite,-1662.3809523809523,39.23785714285714,12.359047619047617,15.780714285714286,13.588571428571433,343.1692857142857,1.4978571428571428,30.861190476190465,DUO_SUPPORTBOTTOM,Malphite
ioxo,73,53.42,2171.4102564102564,44.07153846153846,19.066153846153846,21.73538461538461,23.53102564102564,709.6248717948716,4.794358974358974,28.918461538461543,SOLOTOP,Tryndamere,-1225.3823529411766,43.36264705882353,18.901764705882353,20.030882352941177,22.362647058823526,593.4438235294119,3.987058823529412,30.385588235294122,SOLOTOP,Tryndamere
Content Crow,79,55.7,3657.3636363636365,58.27522727272728,20.898181818181815,21.64363636363636,26.251363636363635,842.8895454545453,3.4034090909090904,30.804999999999996,SOLOMID,Senna,-337.0571428571429,56.856,20.546,21.29885714285715,25.086,657.9445714285715,3.2239999999999998,31.08657142857143,SOLOMID,Pyke
salmonbarrel,81,44.44,705.3611111111111,46.721111111111114,17.636944444444445,20.437222222222218,20.213055555555556,617.4930555555554,5.032222222222222,30.435833333333335,DUO_CARRYBOTTOM,Sivir,-2750.3333333333335,46.15133333333333,16.84422222222222,20.805333333333337,19.563333333333333,494.98800000000006,5.089999999999999,30.98955555555556,DUO_CARRYBOTTOM,Draven
RingsOfSaturn,64,39.06,704.0,39.312400000000004,27.6904,18.683600000000002,15.392800000000001,497.1344,3.8752000000000004,29.1968,SOLOMID,Irelia,-1923.179487179487,43.00615384615384,22.12025641025641,19.641282051282047,18.373076923076926,465.476923076923,3.730512820512821,30.01717948717949,SOLOTOP,Irelia
GrumpyyCub,69,43.48,1756.6,54.06933333333333,19.776333333333334,19.630333333333333,19.832666666666668,637.5496666666667,2.6383333333333336,29.890000000000004,SOLOTOP,Senna,-1893.2564102564102,42.84897435897436,18.86051282051282,19.432820512820516,18.686666666666667,498.8466666666666,3.5212820512820517,31.049743589743592,SOLOTOP,Senna
NobleLegend562,80,46.25,1491.837837837838,50.99675675675675,20.77027027027027,20.90864864864865,20.407297297297298,640.1900000000002,3.0216216216216214,31.374324324324323,NONEJUNGLE,Shaco,-2424.3023255813955,50.35465116279069,21.683488372093024,20.60325581395349,20.489534883720932,579.9227906976744,2.8295348837209304,30.98093023255814,NONEJUNGLE,Shaco
InfernoFia,75,45.33,352.20588235294116,45.813235294117646,21.048823529411766,18.810882352941178,16.779705882352943,523.7741176470588,1.9797058823529408,31.873823529411766,NONEJUNGLE,Olaf,-2573.756097560976,48.90560975609756,18.818292682926824,19.46829268292683,19.56121951219512,500.2660975609756,2.4512195121951224,31.062439024390237,NONEJUNGLE,Olaf
TasteyHastey,17,76.47,1985.4615384615386,58.998461538461534,15.512307692307692,19.370769230769234,19.429999999999996,656.2007692307693,3.6876923076923083,29.255384615384614,DUO_CARRYBOTTOM,Soraka,-800.25,55.947500000000005,19.08,19.555,24.057499999999997,722.8,3.5825,32.305,DUO_CARRYBOTTOM,Annie
alt F4mine,29,65.52,3547.5789473684213,46.11526315789473,25.120526315789473,23.715263157894736,26.990000000000002,846.25,4.583157894736842,28.550526315789476,NONEJUNGLE,Riven,-975.2,46.925,19.023,23.65,24.041,767.6189999999999,4.505,32.529,SOLOTOP,Riven
Lavishh,78,37.18,1317.1724137931035,48.55482758620689,20.952068965517242,20.47758620689655,19.12206896551724,571.083448275862,3.0703448275862075,29.285517241379303,NONEJUNGLE,Elise,-2157.1632653061224,46.42081632653062,21.602653061224494,20.65265306122449,20.670408163265307,512.6771428571428,3.2591836734693875,28.99918367346939,NONEJUNGLE,Elise
crigga330,80,48.75,71.58974358974359,49.63512820512821,21.520769230769233,18.54897435897436,19.946410256410257,608.9053846153847,3.243589743589743,30.757692307692306,SOLOMID,Sylas,-1826.2926829268292,51.63487804878049,21.17292682926829,19.005609756097563,22.082439024390247,616.3960975609756,3.0085365853658534,33.05878048780488,SOLOMID,Sylas
Astral Chaos,15,53.33,4168.625,52.10625,13.50625,22.82625,23.38375,664.005,3.0825,27.6275,NONEJUNGLE,Hecarim,-2108.1428571428573,44.76,13.104285714285718,17.232857142857146,16.51571428571429,392.22857142857146,2.5714285714285716,31.071428571428573,DUO_SUPPORTBOTTOM,Nami
Stolzee,77,45.45,2124.5142857142855,37.74114285714286,20.402857142857144,20.994000000000003,20.649428571428572,602.5751428571429,6.082285714285714,28.936857142857143,SOLOTOP,Irelia,-1485.3333333333333,35.52642857142857,18.000000000000004,21.002142857142854,20.03071428571429,471.275238095238,5.11547619047619,30.31452380952381,SOLOTOP,Irelia
TheEpicRelic,68,50.0,3569.529411764706,49.65705882352942,23.114411764705878,23.27441176470589,24.36,755.520588235294,4.513235294117646,30.430294117647055,SOLOMID,Talon,-515.6176470588235,42.35823529411765,19.71558823529412,21.688823529411764,24.996176470588235,676.019705882353,4.652058823529412,29.393823529411765,SOLOTOP,Zed
77owen,81,45.68,691.5945945945946,41.04243243243243,19.496486486486486,18.54108108108108,17.341081081081082,520.1491891891893,4.227837837837838,31.697297297297297,SOLOMID,Vladimir,-2228.931818181818,39.08795454545455,21.245227272727274,17.829545454545453,19.05181818181818,522.5865909090909,3.483181818181819,32.6525,SOLOMID,Vladimir
Rugbyjr,78,56.41,940.8863636363636,46.22272727272728,25.717272727272725,15.929545454545456,11.587954545454544,365.9911363636363,1.7156818181818183,30.863636363636363,DUO_SUPPORTBOTTOM,Nautilus,-1236.4705882352941,50.981764705882355,23.014705882352942,16.602647058823532,13.752352941176472,337.0876470588235,1.8908823529411762,28.65705882352941,DUO_SUPPORTBOTTOM,Nautilus
Fizz the Axolotl,69,52.17,2900.6666666666665,53.5313888888889,15.36611111111111,21.116944444444442,23.911944444444444,759.7969444444445,4.0216666666666665,30.133888888888887,SOLOMID,Leblanc,-687.0909090909091,49.43848484848485,19.463030303030305,20.326969696969694,19.994545454545452,534.3957575757576,3.5106060606060603,31.109393939393943,DUO_SUPPORTBOTTOM,Thresh
2pototoes,73,47.95,1222.7428571428572,49.64571428571429,19.644,18.95828571428571,22.003142857142855,718.7911428571429,3.258857142857143,30.501142857142863,SOLOMID,Leblanc,-2317.4210526315787,48.86131578947369,20.751052631578943,19.34894736842105,22.894473684210524,608.1613157894737,3.563947368421053,30.27552631578948,SOLOMID,Leblanc
BananaBowl69,82,48.78,1894.725,39.8245,16.3805,20.87275,15.889,473.90150000000006,3.53425,29.238750000000003,NONEJUNGLE,MonkeyKing,-1992.0714285714287,49.13761904761904,20.090238095238092,22.06833333333333,18.623571428571427,442.2740476190477,3.024523809523809,29.80309523809524,NONEJUNGLE,Jhin
I PyrozZ I,75,42.67,607.8125,47.215937499999995,23.6790625,17.894687500000003,12.7965625,412.43593749999997,1.80375,31.87,NONEJUNGLE,Amumu,-3296.8837209302324,42.65744186046511,22.613023255813953,16.851395348837208,13.436046511627904,314.35744186046514,1.7086046511627904,30.218604651162792,NONEJUNGLE,Amumu
Uchıha Madara,78,53.85,1029.452380952381,55.793571428571425,14.918095238095239,14.61595238095238,10.371904761904762,291.87095238095236,0.49452380952380953,29.00047619047619,DUO_SUPPORTBOTTOM,Nami,-2289.222222222222,48.74722222222223,18.051111111111112,14.114722222222222,9.947499999999998,249.25583333333336,0.4774999999999999,29.961111111111116,DUO_SUPPORTBOTTOM,Nami
DatSpookyFox,71,47.89,638.7352941176471,45.88823529411765,22.07470588235294,19.149117647058823,16.503823529411765,527.5405882352943,0.6776470588235294,30.504705882352937,NONEJUNGLE,Jax,-2130.135135135135,47.75621621621621,22.190270270270265,20.438378378378378,18.675675675675674,499.49945945945933,0.9675675675675675,29.288108108108112,NONEJUNGLE,Jax
cottonpiece,41,51.22,807.047619047619,55.095238095238095,19.14190476190476,15.293809523809527,7.908095238095238,272.4685714285714,0.7571428571428571,29.578095238095244,DUO_SUPPORTBOTTOM,Nami,-2346.0,48.5945,21.589499999999997,15.488,12.0795,298.80100000000004,1.9525,28.421999999999997,DUO_SUPPORTBOTTOM,Ahri
NoaTheVillain,73,50.68,2168.054054054054,38.681081081081075,16.033513513513515,21.178648648648647,22.076216216216217,686.6399999999999,5.80054054054054,30.326486486486484,SOLOTOP,Teemo,-218.86111111111111,48.57972222222222,18.321388888888887,22.4925,22.877499999999998,646.5383333333334,4.8575,32.60944444444444,SOLOTOP,Nocturne
lxh0714,71,57.75,2080.829268292683,45.673658536585364,20.739268292682926,21.42463414634146,22.092195121951217,688.0231707317073,5.15170731707317,29.967560975609754,SOLOMID,Ahri,-1254.2666666666667,45.591,20.27433333333333,21.659,21.46266666666667,574.0073333333333,4.957666666666666,29.196000000000005,DUO_CARRYBOTTOM,Ahri
Ockraam,75,46.67,545.0,41.15828571428571,19.745714285714282,19.54342857142857,18.410857142857143,575.7979999999999,4.864285714285715,30.590571428571423,SOLOTOP,Darius,-2358.275,38.482,18.88125,19.24475,17.028250000000003,496.1635,4.497,35.09400000000001,SOLOTOP,Darius
stercore,24,58.33,467.92857142857144,43.96714285714286,23.785,21.207857142857144,23.318571428571428,784.4314285714287,4.8914285714285715,31.343571428571433,DUO_CARRYBOTTOM,Caitlyn,-2565.7,48.501,23.002,21.484,24.77,625.798,5.045,29.808000000000003,DUO_CARRYBOTTOM,Kaisa
jigged,76,48.68,1836.7297297297298,51.39054054054055,15.169459459459459,20.93891891891892,16.996756756756756,485.0651351351352,3.1710810810810806,29.295675675675678,NONEJUNGLE,Nunu,-1666.7179487179487,48.36153846153845,19.5074358974359,20.872307692307693,20.355128205128207,531.6489743589744,3.8561538461538474,32.23461538461538,SOLOTOP,Urgot
ViveYves,83,53.01,1934.2727272727273,45.82136363636364,18.38659090909091,21.896363636363635,21.952045454545452,636.4709090909091,5.4425,28.788636363636364,DUO_CARRYBOTTOM,Caitlyn,-1345.179487179487,47.15358974358974,19.402051282051282,21.734615384615385,20.294615384615383,509.78538461538466,5.065897435897436,29.225641025641018,DUO_CARRYBOTTOM,Tristana
DopeBrah,57,49.12,2030.392857142857,51.34142857142856,21.23678571428571,18.866071428571427,17.98821428571428,516.7557142857142,3.223214285714286,29.392142857142854,DUO_SUPPORTBOTTOM,Lucian,-801.7586206896551,56.87965517241379,20.28827586206897,19.932758620689654,20.17068965517241,560.3537931034483,3.112068965517241,30.82172413793103,DUO_SUPPORTBOTTOM,Thresh
Primordiales,74,48.65,884.9444444444445,42.02916666666667,22.725,20.06,19.944166666666668,599.0652777777777,5.265555555555554,30.467777777777783,SOLOTOP,Jax,-2199.9473684210525,37.56184210526315,21.814473684210526,20.72578947368421,21.753157894736844,516.7018421052632,5.558684210526316,28.943421052631578,SOLOTOP,Renekton
Albarian,71,54.93,2785.102564102564,49.45025641025641,19.868205128205126,21.894871794871793,22.80846153846154,703.8253846153848,5.290512820512822,29.563333333333333,DUO_CARRYBOTTOM,MissFortune,-1367.46875,49.573125000000005,21.5459375,21.380312500000002,22.2421875,549.4934375,4.95875,30.07,DUO_CARRYBOTTOM,MissFortune
Draskonious,84,57.14,1210.5208333333333,55.481875,16.061875,15.082291666666668,8.961666666666666,258.22520833333334,0.5627083333333333,28.967916666666667,DUO_SUPPORTBOTTOM,Soraka,-1734.9166666666667,55.47083333333333,17.162222222222223,15.041666666666666,10.842777777777776,259.3558333333333,0.5988888888888888,30.70472222222222,DUO_SUPPORTBOTTOM,Soraka
EsrohnoriALT,78,48.72,1740.3157894736842,52.38236842105263,15.946842105263155,21.24868421052631,25.16815789473684,710.9,5.449473684210526,30.178421052631577,SOLOMID,Yasuo,-2183.65,44.413,18.9135,20.2485,19.977750000000004,531.0174999999999,4.9399999999999995,32.04475,SOLOMID,Ekko
Dallasx,78,43.59,1036.9705882352941,49.34823529411764,20.40441176470588,20.90558823529412,24.839117647058824,753.3223529411764,4.7879411764705875,29.808235294117647,SOLOMID,Malzahar,-1579.4772727272727,46.86636363636364,20.293863636363636,21.24568181818182,24.11636363636364,632.5672727272728,4.471818181818182,29.544090909090905,SOLOMID,Malzahar
Bayronlee,66,59.09,3365.4102564102564,53.629999999999995,19.208974358974356,22.625384615384615,22.08589743589744,697.781282051282,1.8569230769230767,29.849487179487177,NONEJUNGLE,Jax,-1186.962962962963,55.13333333333333,22.636296296296294,21.727777777777778,21.932962962962964,616.8177777777777,2.2433333333333336,32.61333333333334,NONEJUNGLE,RekSai
TuTu is Baby,73,43.84,1896.875,47.63375,23.346562499999997,20.453125,23.0228125,729.0115625,4.9365625,28.7734375,SOLOMID,Annie,-1907.0731707317073,48.53536585365853,21.53780487804878,20.62292682926829,22.959268292682925,560.9590243902439,4.6468292682926835,29.354634146341464,SOLOMID,Annie
xxxAFxxx,72,56.94,1510.9024390243903,43.47487804878048,20.429268292682924,20.95951219512195,18.447073170731706,537.309268292683,3.4463414634146337,29.97829268292683,NONEJUNGLE,Garen,-1883.6451612903227,37.338709677419345,18.68096774193548,20.465806451612902,17.53806451612903,433.54419354838706,3.462903225806452,31.52290322580645,SOLOTOP,Garen
öom,84,40.48,2051.8529411764707,38.56029411764706,15.355882352941174,16.056176470588237,16.74794117647059,462.4485294117647,1.565588235294118,29.546764705882353,DUO_SUPPORTBOTTOM,Zyra,-312.96,42.614799999999995,13.863199999999999,17.1832,21.444000000000006,558.0243999999999,2.0596,32.3444,DUO_SUPPORTBOTTOM,Zyra
h20bob,82,45.12,1230.4864864864865,46.65567567567568,19.319729729729726,18.10918918918919,15.965945945945947,488.4494594594595,2.620540540540541,29.73135135135135,DUO_SUPPORTBOTTOM,Anivia,-2000.111111111111,44.38133333333334,18.158888888888892,19.17977777777778,17.721111111111114,482.8277777777778,2.757111111111111,30.643555555555547,DUO_SUPPORTBOTTOM,Anivia
BubTheNub,76,56.58,795.9767441860465,52.58976744186046,25.805581395348838,19.73744186046512,23.392093023255814,709.2211627906977,4.35,30.429069767441863,SOLOMID,Diana,-2103.3636363636365,51.581818181818186,22.182727272727274,19.350303030303028,21.98,589.4975757575758,3.7387878787878788,30.914848484848484,SOLOMID,Diana
Annoyîng,80,50.0,2486.025,45.03125,14.080250000000001,20.33925,16.031,510.34025,3.166,31.313499999999998,DUO_SUPPORTBOTTOM,Jax,-894.325,44.4274358974359,14.008750000000001,21.1385,20.046750000000003,495.721,4.14025,29.92875,DUO_SUPPORTBOTTOM,Jax
stonerplayT33M0,65,60.0,3981.6666666666665,52.92538461538462,22.595897435897434,23.446666666666665,29.144871794871786,918.1910256410256,2.9061538461538468,28.2125641025641,NONEJUNGLE,LeeSin,-852.5,47.113846153846154,25.12115384615385,21.09423076923077,24.171538461538464,689.9619230769232,2.519230769230769,29.63346153846154,NONEJUNGLE,LeeSin
3etiek,85,44.71,1211.2368421052631,45.997105263157884,16.09684210526316,20.156578947368423,19.777894736842104,631.4405263157894,5.185789473684209,30.152368421052632,DUO_CARRYBOTTOM,Caitlyn,-2451.2340425531916,47.76021276595745,18.36212765957447,20.144042553191486,19.85042553191489,494.15893617021277,4.6334042553191495,30.326595744680848,DUO_CARRYBOTTOM,Caitlyn
MsLovettsMeatPie,80,46.25,1324.2162162162163,49.1527027027027,20.37513513513514,15.452972972972976,14.384864864864864,494.5889189189189,0.9643243243243244,31.333243243243242,DUO_SUPPORTBOTTOM,Brand,-2185.3488372093025,43.0006976744186,20.020232558139533,15.116279069767444,14.00906976744186,344.78488372093017,0.9420930232558139,30.304651162790694,DUO_SUPPORTBOTTOM,Brand
08 08 98 TTA VN,79,46.84,1769.3243243243244,43.347837837837844,20.027567567567566,21.391081081081076,22.272432432432435,689.3313513513514,5.224864864864864,30.46,SOLOTOP,Renekton,-1969.6904761904761,48.51261904761905,19.138333333333332,20.254761904761907,21.78571428571429,538.5119047619047,3.7621428571428575,29.922857142857143,NONEJUNGLE,Orianna
ixLoki,75,56.0,1364.2380952380952,47.49666666666668,19.934047619047618,19.157857142857146,16.57261904761905,494.65999999999997,3.3730952380952384,29.210952380952385,NONEJUNGLE,Nautilus,-2536.848484848485,50.67636363636363,23.03030303030303,20.62030303030303,21.16030303030303,542.2930303030304,3.7339393939393934,28.991818181818182,SOLOMID,Nautilus
xXS3R631Xx,72,44.44,811.21875,42.57625,18.651562499999997,18.440625,20.908437499999998,641.4903125000001,4.54125,29.26375,SOLOMID,Viktor,-2718.275,44.42,19.736,18.63175,19.65825,526.33375,4.8854999999999995,30.110999999999997,SOLOTOP,Akali
PCalx,81,39.51,122.03125,43.8621875,19.1,17.7075,16.6434375,509.80156250000005,3.125625,30.534374999999997,DUO_CARRYBOTTOM,Senna,-2900.0408163265306,47.647551020408166,20.875510204081635,18.175510204081633,18.780816326530612,467.00571428571436,3.2512244897959177,30.693061224489796,SOLOTOP,Senna
Nicotina,70,58.57,2126.682926829268,38.47,22.51073170731707,21.52536585365854,19.391951219512197,592.6165853658537,4.1051219512195125,31.919512195121957,SOLOTOP,Fiora,-1357.7241379310344,34.61379310344827,20.967931034482756,20.997931034482757,18.82862068965517,457.0562068965517,3.56551724137931,28.078965517241382,SOLOTOP,Fiora
ClayRage,69,49.28,1830.6176470588234,44.12882352941177,15.124705882352941,20.343235294117648,17.688235294117646,554.024411764706,3.679705882352941,30.876176470588234,SOLOTOP,Warwick,-1789.6571428571428,44.84657142857142,13.876000000000001,20.572285714285716,19.784857142857142,530.2771428571427,4.27,31.789428571428573,SOLOTOP,Warwick
Major Warwick,74,51.35,2249.9210526315787,56.47105263157895,18.513157894736842,21.585263157894737,16.58552631578947,495.84078947368425,1.2860526315789473,29.07263157894737,NONEJUNGLE,Warwick,-173.27777777777777,63.68777777777778,20.64333333333333,23.44861111111111,20.03666666666667,457.15666666666664,1.4344444444444442,28.383333333333333,NONEJUNGLE,Warwick
Lockon987,80,63.75,1837.7843137254902,50.00490196078432,16.282156862745097,19.983333333333334,25.568627450980397,794.7360784313726,4.592352941176471,28.847058823529416,SOLOMID,Xerath,-2918.4137931034484,46.11206896551724,18.059655172413798,18.73862068965517,24.123448275862074,684.3155172413793,4.124827586206897,31.931379310344827,SOLOMID,Xerath
razzle300,74,51.35,434.0263157894737,47.986315789473686,8.168157894736842,19.247631578947367,14.47815789473684,419.7173684210526,2.012894736842105,30.00394736842105,NONEJUNGLE,Zac,-2540.722222222222,53.18055555555555,12.531666666666668,19.70916666666667,17.62222222222222,434.15972222222223,1.9138888888888888,30.29416666666667,NONEJUNGLE,Zac
sky down no two,71,54.93,2196.948717948718,45.46564102564103,16.73076923076923,21.42794871794872,22.11820512820513,646.2061538461538,4.626153846153847,28.389487179487176,SOLOTOP,Yorick,-1615.5,37.916875000000005,14.130624999999998,20.913125,19.314687499999998,495.8078125,6.01125,29.539375,SOLOTOP,Yorick
FCB  KE,73,53.42,684.0769230769231,44.58179487179488,18.29948717948718,18.714615384615385,15.063333333333336,460.8274358974358,2.4971794871794875,31.15333333333333,NONEJUNGLE,LeeSin,-3010.4411764705883,46.13470588235294,18.17294117647059,19.09941176470588,13.983235294117646,331.39441176470586,1.9408823529411763,29.53676470588235,NONEJUNGLE,LeeSin
wa beatles,17,52.94,1976.5555555555557,33.28888888888889,23.45888888888889,20.49111111111111,21.413333333333338,651.8166666666667,5.198888888888888,32.153333333333336,SOLOTOP,Elise,-633.875,47.1225,24.2275,21.325,22.779999999999998,512.38875,5.3374999999999995,29.34875,SOLOTOP,Renekton
ODDmonic,75,53.33,1397.05,48.04774999999999,18.06625,17.451249999999998,16.464499999999997,513.9185,2.2375,32.288250000000005,DUO_SUPPORTBOTTOM,Thresh,-1709.1142857142856,48.971714285714285,20.59285714285714,18.47742857142857,18.797428571428572,427.11885714285717,2.5574285714285714,28.983714285714285,DUO_SUPPORTBOTTOM,Ornn
VP Chicken Adobo,50,48.0,2029.3333333333333,54.135416666666664,18.004166666666666,20.534583333333334,22.777083333333337,739.7033333333334,4.3220833333333335,29.678749999999997,SOLOTOP,Shen,-2526.3846153846152,45.46769230769231,18.543846153846154,19.069615384615386,18.273461538461536,470.53230769230765,4.468461538461538,30.588846153846156,DUO_CARRYBOTTOM,Shen
Byrnout,77,50.65,904.3846153846154,52.15897435897437,13.126923076923077,14.273076923076923,8.285897435897434,243.8602564102564,1.6928205128205123,30.173076923076923,DUO_SUPPORTBOTTOM,Alistar,-1974.578947368421,49.252631578947366,17.066578947368416,14.287105263157894,9.885526315789475,222.54947368421054,1.5605263157894738,29.68447368421053,DUO_SUPPORTBOTTOM,Alistar
NOOBSLOSE,70,67.14,5178.31914893617,56.55617021276596,27.507021276595744,25.383829787234042,34.08085106382978,1104.0978723404253,4.871063829787235,27.993191489361703,SOLOMID,Yasuo,-328.30434782608694,43.42695652173913,27.413478260869564,22.32913043478261,27.6095652173913,727.2456521739131,4.887391304347826,29.518260869565214,SOLOMID,Kassadin
xxUNBEATABLExx,16,50.0,3834.625,51.510000000000005,19.22375,22.845,27.055,818.0250000000001,6.01625,30.5875,SOLOTOP,Tryndamere,731.625,39.50375,16.52875,22.83,29.89625,742.8775,5.99375,31.10875,SOLOTOP,Tryndamere
theZestyPancake,74,51.35,1791.6842105263158,49.503947368421045,20.67815789473684,21.02921052631579,22.74105263157895,662.6636842105262,2.7642105263157895,31.358157894736845,NONEJUNGLE,Twitch,-1855.138888888889,46.4525,22.50388888888889,20.592777777777776,20.880000000000003,520.946111111111,3.2677777777777783,29.647499999999997,SOLOMID,Fizz
Akoltry,48,47.92,1330.0,51.62434782608696,15.971304347826086,20.86130434782609,18.266521739130436,539.0365217391304,2.0156521739130433,28.875217391304353,NONEJUNGLE,Warwick,-2687.8,51.5784,19.4844,20.4352,17.7332,422.7828,1.9139999999999997,27.615999999999996,NONEJUNGLE,Warwick
 Piang Piang,68,45.59,2333.1935483870966,49.208064516129035,25.38741935483871,21.38225806451613,23.188064516129028,702.385806451613,3.9570967741935483,27.812580645161294,NONEJUNGLE,JarvanIV,-1491.945945945946,45.03594594594595,23.722432432432434,20.277567567567566,21.967567567567563,620.4610810810811,3.67,30.55945945945946,NONEJUNGLE,JarvanIV
Flat Earth Facts,79,41.77,1984.909090909091,50.50818181818181,17.545151515151513,21.038484848484853,21.715454545454545,679.790606060606,5.167878787878789,31.774848484848476,DUO_CARRYBOTTOM,Vladimir,-1920.108695652174,47.65913043478261,18.44608695652174,21.132826086956523,21.97891304347826,604.5434782608696,5.409782608695653,31.14239130434783,DUO_CARRYBOTTOM,Caitlyn
Buzz00Lightyear,77,46.75,1830.5555555555557,46.61611111111111,18.979166666666668,20.959444444444443,20.688055555555557,650.6847222222223,4.235833333333334,31.756944444444443,DUO_CARRYBOTTOM,Tristana,-1061.9756097560976,48.13390243902439,19.760243902439022,21.740731707317074,23.710243902439025,589.1946341463414,4.477804878048781,30.161951219512193,DUO_CARRYBOTTOM,Vayne
Transcendense,79,53.16,1527.047619047619,48.96214285714285,21.372142857142858,20.256190476190476,20.63452380952381,624.8345238095238,3.97,30.43333333333333,SOLOMID,Jhin,-1765.3243243243244,50.69567567567568,17.817027027027027,20.64702702702703,19.93837837837838,548.7332432432431,3.9367567567567567,31.65216216216216,DUO_CARRYBOTTOM,Jhin
Zetema,62,43.55,1804.888888888889,43.77666666666666,20.16111111111111,20.24259259259259,19.820000000000004,621.5525925925925,3.857037037037037,30.475555555555555,DUO_SUPPORTBOTTOM,Malphite,-1029.2571428571428,45.38542857142857,17.97085714285714,21.311999999999998,22.771714285714285,627.2571428571429,4.246,31.523428571428575,SOLOTOP,Teemo
Yorichou,79,49.37,634.9230769230769,49.66769230769231,16.766410256410257,18.249230769230763,22.16025641025641,695.6082051282052,3.338717948717949,31.442820512820507,SOLOMID,Syndra,-1696.825,52.75450000000001,19.747500000000002,19.705,25.764999999999997,690.83825,3.7707499999999996,31.52925,SOLOMID,Syndra
DADLCK JI,75,48.0,2138.0555555555557,54.565,16.034444444444446,21.11583333333333,27.4925,782.2908333333334,4.889166666666667,28.404999999999998,SOLOMID,Leblanc,-835.2564102564103,51.46794871794872,17.476410256410258,21.320769230769233,24.635897435897437,638.855641025641,5.037435897435897,29.54794871794872,SOLOMID,Leblanc
Twisted Fate Mid,75,46.67,413.6857142857143,44.907999999999994,20.230571428571427,19.313142857142857,18.484285714285715,539.608,4.412571428571429,28.635714285714286,SOLOMID,TwistedFate,-2180.6,46.96975,17.40075,19.33825,18.33475,457.12075000000004,3.9442499999999994,29.40575,SOLOMID,TwistedFate
JSTILLLAGGING,69,56.52,3287.5128205128203,55.50282051282051,15.504615384615386,21.38102564102564,29.494102564102565,901.7271794871793,4.728205128205128,30.66410256410257,SOLOMID,Xerath,-2111.3,54.567,17.493666666666666,20.351666666666667,28.678666666666672,795.7463333333333,3.9889999999999994,32.50333333333333,SOLOMID,Xerath
Ferowx,77,49.35,598.3157894736842,48.129999999999995,23.470526315789478,19.361315789473686,18.26421052631579,594.318947368421,2.8755263157894744,30.712105263157895,NONEJUNGLE,Rengar,-2148.3333333333335,46.2297435897436,24.044871794871796,19.497179487179487,18.132564102564103,468.3176923076922,3.00974358974359,29.679743589743595,DUO_CARRYBOTTOM,Rengar
sebasking333,71,50.7,2443.75,43.69722222222222,14.973333333333333,21.381944444444443,20.984444444444446,604.8347222222221,5.373888888888889,28.95861111111111,SOLOTOP,MissFortune,-887.9428571428572,41.94057142857143,17.71542857142858,21.413714285714285,19.464571428571432,462.45885714285714,4.698571428571429,31.213428571428572,SOLOTOP,Jax
LM bolld carving,71,52.11,3202.7837837837837,54.32162162162162,21.3145945945946,23.078378378378382,27.22945945945946,821.4778378378378,4.082432432432432,27.769459459459455,NONEJUNGLE,Khazix,-1219.1470588235295,50.79911764705883,21.935882352941174,23.13735294117647,23.698823529411765,647.884411764706,4.313529411764706,31.044117647058822,DUO_CARRYBOTTOM,MasterYi
lxh714,77,45.45,1082.6,44.70428571428571,23.605714285714285,21.086285714285715,20.671714285714284,665.304,3.959142857142858,29.895428571428567,NONEJUNGLE,MasterYi,-1210.5,44.9147619047619,23.745238095238093,21.58214285714286,20.549285714285716,520.187380952381,3.9876190476190474,29.67357142857143,NONEJUNGLE,MasterYi
Kuro D Az,70,50.0,573.3142857142857,42.43342857142857,25.308857142857146,18.647714285714283,21.740857142857145,689.2788571428571,4.433428571428571,30.71542857142857,SOLOMID,Ekko,-2409.342857142857,40.91657142857142,21.886285714285712,18.995428571428576,21.698285714285717,600.2574285714286,4.317428571428571,32.00628571428571,SOLOMID,Brand
Zissure,78,51.28,1736.45,47.30625,20.03975,19.748,19.271749999999997,607.1775,5.2055,32.352250000000005,SOLOTOP,Shen,-1564.4736842105262,44.14368421052632,16.24842105263158,20.31026315789474,20.840789473684204,509.0136842105262,5.315526315789473,30.33552631578948,SOLOTOP,Shen
linclayton,67,56.72,1299.4736842105262,45.86263157894737,18.395263157894735,20.4178947368421,23.570526315789472,755.5247368421052,4.575789473684211,31.26052631578947,SOLOTOP,Shyvana,-2712.6206896551726,46.568275862068965,23.358275862068965,19.98827586206896,23.586896551724138,566.0082758620689,4.01551724137931,30.20689655172414,SOLOTOP,Shyvana
Ass Hoe,74,48.65,1747.0833333333333,50.23972222222223,17.8125,17.619722222222222,14.771388888888891,450.79750000000007,1.0180555555555555,30.926388888888887,NONEJUNGLE,Blitzcrank,-1130.2894736842106,56.518421052631574,17.412631578947366,17.20842105263158,15.74921052631579,422.6802631578947,1.1721052631578945,32.106052631578955,DUO_SUPPORTBOTTOM,Blitzcrank
prolyth,77,48.05,2096.2702702702704,38.965675675675676,18.71054054054054,21.652432432432434,24.483513513513515,797.5737837837838,5.428918918918921,31.929729729729726,SOLOTOP,Teemo,-367.225,41.0985,17.73975,21.68025,26.289250000000003,765.51875,4.9565,33.61475,SOLOTOP,Teemo
demonfoxslayer17,60,55.0,4335.30303030303,48.09818181818182,17.608181818181816,23.864242424242427,25.228181818181817,741.7433333333333,3.461515151515151,29.723030303030303,NONEJUNGLE,MasterYi,448.55555555555554,46.54481481481481,15.909629629629627,23.364444444444445,23.47407407407407,553.6651851851852,3.96962962962963,27.487407407407407,SOLOTOP,Darius
Pakonab,77,54.55,1425.5714285714287,41.69809523809524,17.65833333333333,19.932142857142857,22.36357142857143,699.7185714285714,4.6035714285714295,30.082619047619048,SOLOMID,Swain,-2323.285714285714,41.80657142857143,18.22,20.20342857142857,22.32457142857143,609.82,4.796571428571429,32.272571428571425,SOLOMID,Swain
KingCrimsonChika,50,54.0,857.925925925926,43.736296296296295,12.905185185185186,14.787037037037036,10.59925925925926,303.0948148148148,1.0974074074074074,29.283703703703704,DUO_SUPPORTBOTTOM,Leona,-1383.304347826087,41.96826086956521,19.52130434782609,15.772608695652172,13.907391304347826,347.704347826087,1.0452173913043479,28.91652173913043,DUO_SUPPORTBOTTOM,Poppy
LtD Kamiiii,75,52.0,1558.6410256410256,49.581282051282045,21.87820512820512,19.09384615384615,19.453589743589742,636.5984615384616,1.849230769230769,29.506666666666668,NONEJUNGLE,Khazix,-1442.0833333333333,52.08888888888889,23.066111111111113,19.266388888888887,18.979722222222218,500.2961111111111,1.4422222222222223,30.334722222222222,NONEJUNGLE,Khazix
Tripzor,66,50.0,4003.151515151515,40.656666666666666,13.635151515151513,23.203636363636363,22.226666666666663,687.2127272727273,5.853636363636364,30.220303030303032,SOLOTOP,Riven,-1212.2727272727273,36.79757575757576,17.73878787878788,20.865151515151513,17.44121212121212,425.6690909090909,4.800909090909091,30.75363636363636,SOLOTOP,Riven
Pi Pi ChI,70,40.0,818.6785714285714,54.887499999999996,16.144285714285715,15.602857142857143,9.23607142857143,286.7735714285714,1.1517857142857142,30.511785714285715,DUO_SUPPORTBOTTOM,Lulu,-2048.4523809523807,50.239999999999995,17.739285714285714,15.436904761904762,11.07642857142857,276.6257142857143,1.6883333333333337,30.030952380952375,DUO_SUPPORTBOTTOM,Lulu
